{"id": "parks", "type": "TRIANGLES_3D_LAYER", "renderStyle": ["FLAT_COLOR"], "styleKey": "parks", "visible": true, "selectable": true, "skip": false, "data": [{"type": "type", "geometry": {"coordinates": [0, 69], "indices": [0, 63]}}, {"type": "type", "geometry": {"coordinates": [69, 48], "indices": [63, 39]}}, {"type": "type", "geometry": {"coordinates": [117, 189], "indices": [102, 198]}}, {"type": "type", "geometry": {"coordinates": [306, 135], "indices": [300, 129]}}, {"type": "type", "geometry": {"coordinates": [441, 78], "indices": [429, 69]}}, {"type": "type", "geometry": {"coordinates": [519, 384], "indices": [498, 375]}}, {"type": "type", "geometry": {"coordinates": [903, 36], "indices": [873, 27]}}, {"type": "type", "geometry": {"coordinates": [939, 78], "indices": [900, 69]}}, {"type": "type", "geometry": {"coordinates": [1017, 39], "indices": [969, 30]}}, {"type": "type", "geometry": {"coordinates": [1056, 48], "indices": [999, 39]}}, {"type": "type", "geometry": {"coordinates": [1104, 30], "indices": [1038, 21]}}, {"type": "type", "geometry": {"coordinates": [1134, 21], "indices": [1059, 12]}}, {"type": "type", "geometry": {"coordinates": [1155, 39], "indices": [1071, 30]}}, {"type": "type", "geometry": {"coordinates": [1194, 174], "indices": [1101, 165]}}, {"type": "type", "geometry": {"coordinates": [1368, 177], "indices": [1266, 168]}}, {"type": "type", "geometry": {"coordinates": [1545, 210], "indices": [1434, 201]}}, {"type": "type", "geometry": {"coordinates": [1755, 18], "indices": [1635, 9]}}, {"type": "type", "geometry": {"coordinates": [1773, 102], "indices": [1644, 93]}}, {"type": "type", "geometry": {"coordinates": [1875, 21], "indices": [1737, 12]}}, {"type": "type", "geometry": {"coordinates": [1896, 69], "indices": [1749, 60]}}, {"type": "type", "geometry": {"coordinates": [1965, 45], "indices": [1809, 36]}}, {"type": "type", "geometry": {"coordinates": [2010, 42], "indices": [1845, 33]}}, {"type": "type", "geometry": {"coordinates": [2052, 27], "indices": [1878, 18]}}, {"type": "type", "geometry": {"coordinates": [2079, 54], "indices": [1896, 45]}}, {"type": "type", "geometry": {"coordinates": [2133, 57], "indices": [1941, 48]}}, {"type": "type", "geometry": {"coordinates": [2190, 117], "indices": [1989, 108]}}, {"type": "type", "geometry": {"coordinates": [2307, 54], "indices": [2097, 45]}}, {"type": "type", "geometry": {"coordinates": [2361, 42], "indices": [2142, 33]}}, {"type": "type", "geometry": {"coordinates": [2403, 15], "indices": [2175, 6]}}, {"type": "type", "geometry": {"coordinates": [2418, 15], "indices": [2181, 6]}}, {"type": "type", "geometry": {"coordinates": [2433, 15], "indices": [2187, 6]}}, {"type": "type", "geometry": {"coordinates": [2448, 15], "indices": [2193, 6]}}, {"type": "type", "geometry": {"coordinates": [2463, 33], "indices": [2199, 24]}}, {"type": "type", "geometry": {"coordinates": [2496, 18], "indices": [2223, 9]}}, {"type": "type", "geometry": {"coordinates": [2514, 18], "indices": [2232, 9]}}, {"type": "type", "geometry": {"coordinates": [2532, 27], "indices": [2241, 18]}}, {"type": "type", "geometry": {"coordinates": [2559, 18], "indices": [2259, 9]}}, {"type": "type", "geometry": {"coordinates": [2577, 21], "indices": [2268, 12]}}, {"type": "type", "geometry": {"coordinates": [2598, 171], "indices": [2280, 162]}}, {"type": "type", "geometry": {"coordinates": [2769, 72], "indices": [2442, 63]}}, {"type": "type", "geometry": {"coordinates": [2841, 36], "indices": [2505, 27]}}, {"type": "type", "geometry": {"coordinates": [2877, 36], "indices": [2532, 27]}}, {"type": "type", "geometry": {"coordinates": [2913, 36], "indices": [2559, 27]}}, {"type": "type", "geometry": {"coordinates": [2949, 39], "indices": [2586, 30]}}, {"type": "type", "geometry": {"coordinates": [2988, 51], "indices": [2616, 42]}}, {"type": "type", "geometry": {"coordinates": [3039, 57], "indices": [2658, 48]}}, {"type": "type", "geometry": {"coordinates": [3096, 15], "indices": [2706, 6]}}, {"type": "type", "geometry": {"coordinates": [3111, 12], "indices": [2712, 3]}}, {"type": "type", "geometry": {"coordinates": [3123, 15], "indices": [2715, 6]}}, {"type": "type", "geometry": {"coordinates": [3138, 15], "indices": [2721, 6]}}, {"type": "type", "geometry": {"coordinates": [3153, 15], "indices": [2727, 6]}}, {"type": "type", "geometry": {"coordinates": [3168, 12], "indices": [2733, 3]}}, {"type": "type", "geometry": {"coordinates": [3180, 21], "indices": [2736, 12]}}, {"type": "type", "geometry": {"coordinates": [3201, 15], "indices": [2748, 6]}}, {"type": "type", "geometry": {"coordinates": [3216, 15], "indices": [2754, 6]}}, {"type": "type", "geometry": {"coordinates": [3231, 15], "indices": [2760, 6]}}, {"type": "type", "geometry": {"coordinates": [3246, 15], "indices": [2766, 6]}}, {"type": "type", "geometry": {"coordinates": [3261, 15], "indices": [2772, 6]}}, {"type": "type", "geometry": {"coordinates": [3276, 24], "indices": [2778, 15]}}, {"type": "type", "geometry": {"coordinates": [3300, 42], "indices": [2793, 33]}}, {"type": "type", "geometry": {"coordinates": [3342, 15], "indices": [2826, 6]}}, {"type": "type", "geometry": {"coordinates": [3357, 21], "indices": [2832, 12]}}, {"type": "type", "geometry": {"coordinates": [3378, 30], "indices": [2844, 21]}}, {"type": "type", "geometry": {"coordinates": [3408, 15], "indices": [2865, 6]}}, {"type": "type", "geometry": {"coordinates": [3423, 81], "indices": [2871, 72]}}, {"type": "type", "geometry": {"coordinates": [3504, 144], "indices": [2943, 135]}}, {"type": "type", "geometry": {"coordinates": [3648, 24], "indices": [3078, 15]}}, {"type": "type", "geometry": {"coordinates": [3672, 69], "indices": [3093, 60]}}, {"type": "type", "geometry": {"coordinates": [3741, 24], "indices": [3153, 15]}}, {"type": "type", "geometry": {"coordinates": [3765, 171], "indices": [3168, 162]}}, {"type": "type", "geometry": {"coordinates": [3936, 51], "indices": [3330, 42]}}, {"type": "type", "geometry": {"coordinates": [3987, 33], "indices": [3372, 24]}}, {"type": "type", "geometry": {"coordinates": [4020, 180], "indices": [3396, 171]}}, {"type": "type", "geometry": {"coordinates": [4200, 60], "indices": [3567, 51]}}, {"type": "type", "geometry": {"coordinates": [4260, 108], "indices": [3618, 99]}}, {"type": "type", "geometry": {"coordinates": [4368, 339], "indices": [3717, 330]}}, {"type": "type", "geometry": {"coordinates": [4707, 93], "indices": [4047, 84]}}, {"type": "type", "geometry": {"coordinates": [4800, 96], "indices": [4131, 87]}}, {"type": "type", "geometry": {"coordinates": [4896, 75], "indices": [4218, 66]}}, {"type": "type", "geometry": {"coordinates": [4971, 33], "indices": [4284, 24]}}, {"type": "type", "geometry": {"coordinates": [5004, 237], "indices": [4308, 228]}}, {"type": "type", "geometry": {"coordinates": [5241, 48], "indices": [4536, 39]}}, {"type": "type", "geometry": {"coordinates": [5289, 66], "indices": [4575, 57]}}, {"type": "type", "geometry": {"coordinates": [5355, 63], "indices": [4632, 54]}}, {"type": "type", "geometry": {"coordinates": [5418, 123], "indices": [4686, 114]}}, {"type": "type", "geometry": {"coordinates": [5541, 15], "indices": [4800, 6]}}, {"type": "type", "geometry": {"coordinates": [5556, 24], "indices": [4806, 15]}}, {"type": "type", "geometry": {"coordinates": [5580, 15], "indices": [4821, 6]}}, {"type": "type", "geometry": {"coordinates": [5595, 21], "indices": [4827, 12]}}, {"type": "type", "geometry": {"coordinates": [5616, 18], "indices": [4839, 9]}}, {"type": "type", "geometry": {"coordinates": [5634, 21], "indices": [4848, 12]}}, {"type": "type", "geometry": {"coordinates": [5655, 27], "indices": [4860, 18]}}, {"type": "type", "geometry": {"coordinates": [5682, 15], "indices": [4878, 6]}}, {"type": "type", "geometry": {"coordinates": [5697, 21], "indices": [4884, 12]}}, {"type": "type", "geometry": {"coordinates": [5718, 15], "indices": [4896, 6]}}, {"type": "type", "geometry": {"coordinates": [5733, 18], "indices": [4902, 9]}}, {"type": "type", "geometry": {"coordinates": [5751, 21], "indices": [4911, 12]}}, {"type": "type", "geometry": {"coordinates": [5772, 12], "indices": [4923, 3]}}, {"type": "type", "geometry": {"coordinates": [5784, 12], "indices": [4926, 3]}}, {"type": "type", "geometry": {"coordinates": [5796, 15], "indices": [4929, 6]}}, {"type": "type", "geometry": {"coordinates": [5811, 15], "indices": [4935, 6]}}, {"type": "type", "geometry": {"coordinates": [5826, 21], "indices": [4941, 12]}}, {"type": "type", "geometry": {"coordinates": [5847, 15], "indices": [4953, 6]}}, {"type": "type", "geometry": {"coordinates": [5862, 15], "indices": [4959, 6]}}, {"type": "type", "geometry": {"coordinates": [5877, 15], "indices": [4965, 6]}}, {"type": "type", "geometry": {"coordinates": [5892, 15], "indices": [4971, 6]}}, {"type": "type", "geometry": {"coordinates": [5907, 15], "indices": [4977, 6]}}, {"type": "type", "geometry": {"coordinates": [5922, 15], "indices": [4983, 6]}}, {"type": "type", "geometry": {"coordinates": [5937, 18], "indices": [4989, 9]}}, {"type": "type", "geometry": {"coordinates": [5955, 15], "indices": [4998, 6]}}, {"type": "type", "geometry": {"coordinates": [5970, 18], "indices": [5004, 9]}}, {"type": "type", "geometry": {"coordinates": [5988, 18], "indices": [5013, 9]}}, {"type": "type", "geometry": {"coordinates": [6006, 15], "indices": [5022, 6]}}, {"type": "type", "geometry": {"coordinates": [6021, 15], "indices": [5028, 6]}}, {"type": "type", "geometry": {"coordinates": [6036, 15], "indices": [5034, 6]}}, {"type": "type", "geometry": {"coordinates": [6051, 15], "indices": [5040, 6]}}, {"type": "type", "geometry": {"coordinates": [6066, 15], "indices": [5046, 6]}}, {"type": "type", "geometry": {"coordinates": [6081, 27], "indices": [5052, 18]}}, {"type": "type", "geometry": {"coordinates": [6108, 36], "indices": [5070, 27]}}, {"type": "type", "geometry": {"coordinates": [6144, 51], "indices": [5097, 42]}}, {"type": "type", "geometry": {"coordinates": [6195, 30], "indices": [5139, 21]}}, {"type": "type", "geometry": {"coordinates": [6225, 30], "indices": [5160, 21]}}, {"type": "type", "geometry": {"coordinates": [6255, 15], "indices": [5181, 6]}}, {"type": "type", "geometry": {"coordinates": [6270, 117], "indices": [5187, 108]}}, {"type": "type", "geometry": {"coordinates": [6387, 57], "indices": [5295, 48]}}, {"type": "type", "geometry": {"coordinates": [6444, 15], "indices": [5343, 6]}}, {"type": "type", "geometry": {"coordinates": [6459, 15], "indices": [5349, 6]}}, {"type": "type", "geometry": {"coordinates": [6474, 15], "indices": [5355, 6]}}, {"type": "type", "geometry": {"coordinates": [6489, 15], "indices": [5361, 6]}}, {"type": "type", "geometry": {"coordinates": [6504, 15], "indices": [5367, 6]}}, {"type": "type", "geometry": {"coordinates": [6519, 15], "indices": [5373, 6]}}, {"type": "type", "geometry": {"coordinates": [6534, 15], "indices": [5379, 6]}}, {"type": "type", "geometry": {"coordinates": [6549, 15], "indices": [5385, 6]}}, {"type": "type", "geometry": {"coordinates": [6564, 15], "indices": [5391, 6]}}, {"type": "type", "geometry": {"coordinates": [6579, 15], "indices": [5397, 6]}}, {"type": "type", "geometry": {"coordinates": [6594, 15], "indices": [5403, 6]}}, {"type": "type", "geometry": {"coordinates": [6609, 15], "indices": [5409, 6]}}, {"type": "type", "geometry": {"coordinates": [6624, 45], "indices": [5415, 36]}}, {"type": "type", "geometry": {"coordinates": [6669, 15], "indices": [5451, 6]}}, {"type": "type", "geometry": {"coordinates": [6684, 15], "indices": [5457, 6]}}, {"type": "type", "geometry": {"coordinates": [6699, 15], "indices": [5463, 6]}}, {"type": "type", "geometry": {"coordinates": [6714, 15], "indices": [5469, 6]}}, {"type": "type", "geometry": {"coordinates": [6729, 15], "indices": [5475, 6]}}, {"type": "type", "geometry": {"coordinates": [6744, 15], "indices": [5481, 6]}}, {"type": "type", "geometry": {"coordinates": [6759, 15], "indices": [5487, 6]}}, {"type": "type", "geometry": {"coordinates": [6774, 15], "indices": [5493, 6]}}, {"type": "type", "geometry": {"coordinates": [6789, 15], "indices": [5499, 6]}}, {"type": "type", "geometry": {"coordinates": [6804, 15], "indices": [5505, 6]}}, {"type": "type", "geometry": {"coordinates": [6819, 15], "indices": [5511, 6]}}, {"type": "type", "geometry": {"coordinates": [6834, 48], "indices": [5517, 39]}}, {"type": "type", "geometry": {"coordinates": [6882, 51], "indices": [5556, 42]}}, {"type": "type", "geometry": {"coordinates": [6933, 48], "indices": [5598, 39]}}, {"type": "type", "geometry": {"coordinates": [6981, 48], "indices": [5637, 39]}}, {"type": "type", "geometry": {"coordinates": [7029, 48], "indices": [5676, 39]}}, {"type": "type", "geometry": {"coordinates": [7077, 48], "indices": [5715, 39]}}, {"type": "type", "geometry": {"coordinates": [7125, 48], "indices": [5754, 39]}}, {"type": "type", "geometry": {"coordinates": [7173, 48], "indices": [5793, 39]}}, {"type": "type", "geometry": {"coordinates": [7221, 48], "indices": [5832, 39]}}, {"type": "type", "geometry": {"coordinates": [7269, 48], "indices": [5871, 39]}}, {"type": "type", "geometry": {"coordinates": [7317, 36], "indices": [5910, 27]}}, {"type": "type", "geometry": {"coordinates": [7353, 15], "indices": [5937, 6]}}, {"type": "type", "geometry": {"coordinates": [7368, 15], "indices": [5943, 6]}}, {"type": "type", "geometry": {"coordinates": [7383, 18], "indices": [5949, 9]}}, {"type": "type", "geometry": {"coordinates": [7401, 189], "indices": [5958, 180]}}, {"type": "type", "geometry": {"coordinates": [7590, 156], "indices": [6138, 147]}}, {"type": "type", "geometry": {"coordinates": [7746, 168], "indices": [6285, 159]}}, {"type": "type", "geometry": {"coordinates": [7914, 15], "indices": [6444, 6]}}, {"type": "type", "geometry": {"coordinates": [7929, 15], "indices": [6450, 6]}}, {"type": "type", "geometry": {"coordinates": [7944, 15], "indices": [6456, 6]}}, {"type": "type", "geometry": {"coordinates": [7959, 15], "indices": [6462, 6]}}, {"type": "type", "geometry": {"coordinates": [7974, 15], "indices": [6468, 6]}}, {"type": "type", "geometry": {"coordinates": [7989, 60], "indices": [6474, 51]}}, {"type": "type", "geometry": {"coordinates": [8049, 69], "indices": [6525, 60]}}, {"type": "type", "geometry": {"coordinates": [8118, 54], "indices": [6585, 45]}}, {"type": "type", "geometry": {"coordinates": [8172, 66], "indices": [6630, 57]}}, {"type": "type", "geometry": {"coordinates": [8238, 66], "indices": [6687, 57]}}, {"type": "type", "geometry": {"coordinates": [8304, 66], "indices": [6744, 57]}}, {"type": "type", "geometry": {"coordinates": [8370, 15], "indices": [6801, 6]}}, {"type": "type", "geometry": {"coordinates": [8385, 15], "indices": [6807, 6]}}, {"type": "type", "geometry": {"coordinates": [8400, 15], "indices": [6813, 6]}}, {"type": "type", "geometry": {"coordinates": [8415, 15], "indices": [6819, 6]}}, {"type": "type", "geometry": {"coordinates": [8430, 15], "indices": [6825, 6]}}, {"type": "type", "geometry": {"coordinates": [8445, 15], "indices": [6831, 6]}}, {"type": "type", "geometry": {"coordinates": [8460, 15], "indices": [6837, 6]}}, {"type": "type", "geometry": {"coordinates": [8475, 15], "indices": [6843, 6]}}, {"type": "type", "geometry": {"coordinates": [8490, 15], "indices": [6849, 6]}}, {"type": "type", "geometry": {"coordinates": [8505, 15], "indices": [6855, 6]}}, {"type": "type", "geometry": {"coordinates": [8520, 15], "indices": [6861, 6]}}, {"type": "type", "geometry": {"coordinates": [8535, 15], "indices": [6867, 6]}}, {"type": "type", "geometry": {"coordinates": [8550, 15], "indices": [6873, 6]}}, {"type": "type", "geometry": {"coordinates": [8565, 15], "indices": [6879, 6]}}, {"type": "type", "geometry": {"coordinates": [8580, 15], "indices": [6885, 6]}}, {"type": "type", "geometry": {"coordinates": [8595, 15], "indices": [6891, 6]}}, {"type": "type", "geometry": {"coordinates": [8610, 15], "indices": [6897, 6]}}, {"type": "type", "geometry": {"coordinates": [8625, 15], "indices": [6903, 6]}}, {"type": "type", "geometry": {"coordinates": [8640, 15], "indices": [6909, 6]}}, {"type": "type", "geometry": {"coordinates": [8655, 15], "indices": [6915, 6]}}, {"type": "type", "geometry": {"coordinates": [8670, 15], "indices": [6921, 6]}}, {"type": "type", "geometry": {"coordinates": [8685, 15], "indices": [6927, 6]}}, {"type": "type", "geometry": {"coordinates": [8700, 15], "indices": [6933, 6]}}, {"type": "type", "geometry": {"coordinates": [8715, 15], "indices": [6939, 6]}}, {"type": "type", "geometry": {"coordinates": [8730, 15], "indices": [6945, 6]}}, {"type": "type", "geometry": {"coordinates": [8745, 15], "indices": [6951, 6]}}, {"type": "type", "geometry": {"coordinates": [8760, 15], "indices": [6957, 6]}}, {"type": "type", "geometry": {"coordinates": [8775, 24], "indices": [6963, 15]}}, {"type": "type", "geometry": {"coordinates": [8799, 27], "indices": [6978, 18]}}, {"type": "type", "geometry": {"coordinates": [8826, 24], "indices": [6996, 15]}}, {"type": "type", "geometry": {"coordinates": [8850, 21], "indices": [7011, 12]}}, {"type": "type", "geometry": {"coordinates": [8871, 15], "indices": [7023, 6]}}, {"type": "type", "geometry": {"coordinates": [8886, 15], "indices": [7029, 6]}}, {"type": "type", "geometry": {"coordinates": [8901, 15], "indices": [7035, 6]}}, {"type": "type", "geometry": {"coordinates": [8916, 15], "indices": [7041, 6]}}, {"type": "type", "geometry": {"coordinates": [8931, 15], "indices": [7047, 6]}}, {"type": "type", "geometry": {"coordinates": [8946, 15], "indices": [7053, 6]}}, {"type": "type", "geometry": {"coordinates": [8961, 72], "indices": [7059, 63]}}, {"type": "type", "geometry": {"coordinates": [9033, 114], "indices": [7122, 105]}}, {"type": "type", "geometry": {"coordinates": [9147, 21], "indices": [7227, 12]}}, {"type": "type", "geometry": {"coordinates": [9168, 21], "indices": [7239, 12]}}, {"type": "type", "geometry": {"coordinates": [9189, 15], "indices": [7251, 6]}}, {"type": "type", "geometry": {"coordinates": [9204, 15], "indices": [7257, 6]}}, {"type": "type", "geometry": {"coordinates": [9219, 21], "indices": [7263, 12]}}, {"type": "type", "geometry": {"coordinates": [9240, 15], "indices": [7275, 6]}}, {"type": "type", "geometry": {"coordinates": [9255, 15], "indices": [7281, 6]}}, {"type": "type", "geometry": {"coordinates": [9270, 15], "indices": [7287, 6]}}, {"type": "type", "geometry": {"coordinates": [9285, 15], "indices": [7293, 6]}}, {"type": "type", "geometry": {"coordinates": [9300, 15], "indices": [7299, 6]}}, {"type": "type", "geometry": {"coordinates": [9315, 15], "indices": [7305, 6]}}, {"type": "type", "geometry": {"coordinates": [9330, 15], "indices": [7311, 6]}}, {"type": "type", "geometry": {"coordinates": [9345, 15], "indices": [7317, 6]}}, {"type": "type", "geometry": {"coordinates": [9360, 15], "indices": [7323, 6]}}, {"type": "type", "geometry": {"coordinates": [9375, 21], "indices": [7329, 12]}}, {"type": "type", "geometry": {"coordinates": [9396, 21], "indices": [7341, 12]}}, {"type": "type", "geometry": {"coordinates": [9417, 15], "indices": [7353, 6]}}, {"type": "type", "geometry": {"coordinates": [9432, 15], "indices": [7359, 6]}}, {"type": "type", "geometry": {"coordinates": [9447, 21], "indices": [7365, 12]}}, {"type": "type", "geometry": {"coordinates": [9468, 21], "indices": [7377, 12]}}, {"type": "type", "geometry": {"coordinates": [9489, 15], "indices": [7389, 6]}}, {"type": "type", "geometry": {"coordinates": [9504, 21], "indices": [7395, 12]}}, {"type": "type", "geometry": {"coordinates": [9525, 21], "indices": [7407, 12]}}, {"type": "type", "geometry": {"coordinates": [9546, 15], "indices": [7419, 6]}}, {"type": "type", "geometry": {"coordinates": [9561, 21], "indices": [7425, 12]}}, {"type": "type", "geometry": {"coordinates": [9582, 21], "indices": [7437, 12]}}, {"type": "type", "geometry": {"coordinates": [9603, 15], "indices": [7449, 6]}}, {"type": "type", "geometry": {"coordinates": [9618, 15], "indices": [7455, 6]}}, {"type": "type", "geometry": {"coordinates": [9633, 21], "indices": [7461, 12]}}, {"type": "type", "geometry": {"coordinates": [9654, 21], "indices": [7473, 12]}}, {"type": "type", "geometry": {"coordinates": [9675, 21], "indices": [7485, 12]}}, {"type": "type", "geometry": {"coordinates": [9696, 27], "indices": [7497, 18]}}, {"type": "type", "geometry": {"coordinates": [9723, 27], "indices": [7515, 18]}}, {"type": "type", "geometry": {"coordinates": [9750, 27], "indices": [7533, 18]}}, {"type": "type", "geometry": {"coordinates": [9777, 27], "indices": [7551, 18]}}, {"type": "type", "geometry": {"coordinates": [9804, 39], "indices": [7569, 30]}}, {"type": "type", "geometry": {"coordinates": [9843, 54], "indices": [7599, 45]}}, {"type": "type", "geometry": {"coordinates": [9897, 75], "indices": [7644, 66]}}, {"type": "type", "geometry": {"coordinates": [9972, 108], "indices": [7710, 99]}}, {"type": "type", "geometry": {"coordinates": [10080, 54], "indices": [7809, 45]}}, {"type": "type", "geometry": {"coordinates": [10134, 30], "indices": [7854, 21]}}, {"type": "type", "geometry": {"coordinates": [10164, 48], "indices": [7875, 39]}}, {"type": "type", "geometry": {"coordinates": [10212, 45], "indices": [7914, 36]}}, {"type": "type", "geometry": {"coordinates": [10257, 39], "indices": [7950, 30]}}, {"type": "type", "geometry": {"coordinates": [10296, 48], "indices": [7980, 39]}}, {"type": "type", "geometry": {"coordinates": [10344, 36], "indices": [8019, 27]}}, {"type": "type", "geometry": {"coordinates": [10380, 15], "indices": [8046, 6]}}, {"type": "type", "geometry": {"coordinates": [10395, 15], "indices": [8052, 6]}}, {"type": "type", "geometry": {"coordinates": [10410, 15], "indices": [8058, 6]}}, {"type": "type", "geometry": {"coordinates": [10425, 15], "indices": [8064, 6]}}, {"type": "type", "geometry": {"coordinates": [10440, 15], "indices": [8070, 6]}}, {"type": "type", "geometry": {"coordinates": [10455, 15], "indices": [8076, 6]}}, {"type": "type", "geometry": {"coordinates": [10470, 21], "indices": [8082, 12]}}, {"type": "type", "geometry": {"coordinates": [10491, 15], "indices": [8094, 6]}}, {"type": "type", "geometry": {"coordinates": [10506, 21], "indices": [8100, 12]}}, {"type": "type", "geometry": {"coordinates": [10527, 15], "indices": [8112, 6]}}, {"type": "type", "geometry": {"coordinates": [10542, 21], "indices": [8118, 12]}}, {"type": "type", "geometry": {"coordinates": [10563, 15], "indices": [8130, 6]}}, {"type": "type", "geometry": {"coordinates": [10578, 15], "indices": [8136, 6]}}, {"type": "type", "geometry": {"coordinates": [10593, 15], "indices": [8142, 6]}}, {"type": "type", "geometry": {"coordinates": [10608, 66], "indices": [8148, 57]}}, {"type": "type", "geometry": {"coordinates": [10674, 15], "indices": [8205, 6]}}, {"type": "type", "geometry": {"coordinates": [10689, 15], "indices": [8211, 6]}}, {"type": "type", "geometry": {"coordinates": [10704, 15], "indices": [8217, 6]}}, {"type": "type", "geometry": {"coordinates": [10719, 15], "indices": [8223, 6]}}, {"type": "type", "geometry": {"coordinates": [10734, 15], "indices": [8229, 6]}}, {"type": "type", "geometry": {"coordinates": [10749, 15], "indices": [8235, 6]}}, {"type": "type", "geometry": {"coordinates": [10764, 15], "indices": [8241, 6]}}, {"type": "type", "geometry": {"coordinates": [10779, 15], "indices": [8247, 6]}}, {"type": "type", "geometry": {"coordinates": [10794, 15], "indices": [8253, 6]}}, {"type": "type", "geometry": {"coordinates": [10809, 21], "indices": [8259, 12]}}, {"type": "type", "geometry": {"coordinates": [10830, 21], "indices": [8271, 12]}}, {"type": "type", "geometry": {"coordinates": [10851, 21], "indices": [8283, 12]}}, {"type": "type", "geometry": {"coordinates": [10872, 21], "indices": [8295, 12]}}, {"type": "type", "geometry": {"coordinates": [10893, 21], "indices": [8307, 12]}}, {"type": "type", "geometry": {"coordinates": [10914, 21], "indices": [8319, 12]}}, {"type": "type", "geometry": {"coordinates": [10935, 21], "indices": [8331, 12]}}, {"type": "type", "geometry": {"coordinates": [10956, 21], "indices": [8343, 12]}}, {"type": "type", "geometry": {"coordinates": [10977, 15], "indices": [8355, 6]}}, {"type": "type", "geometry": {"coordinates": [10992, 15], "indices": [8361, 6]}}, {"type": "type", "geometry": {"coordinates": [11007, 15], "indices": [8367, 6]}}, {"type": "type", "geometry": {"coordinates": [11022, 15], "indices": [8373, 6]}}, {"type": "type", "geometry": {"coordinates": [11037, 15], "indices": [8379, 6]}}, {"type": "type", "geometry": {"coordinates": [11052, 15], "indices": [8385, 6]}}, {"type": "type", "geometry": {"coordinates": [11067, 15], "indices": [8391, 6]}}, {"type": "type", "geometry": {"coordinates": [11082, 21], "indices": [8397, 12]}}, {"type": "type", "geometry": {"coordinates": [11103, 21], "indices": [8409, 12]}}, {"type": "type", "geometry": {"coordinates": [11124, 15], "indices": [8421, 6]}}, {"type": "type", "geometry": {"coordinates": [11139, 15], "indices": [8427, 6]}}, {"type": "type", "geometry": {"coordinates": [11154, 15], "indices": [8433, 6]}}, {"type": "type", "geometry": {"coordinates": [11169, 15], "indices": [8439, 6]}}, {"type": "type", "geometry": {"coordinates": [11184, 15], "indices": [8445, 6]}}, {"type": "type", "geometry": {"coordinates": [11199, 15], "indices": [8451, 6]}}, {"type": "type", "geometry": {"coordinates": [11214, 15], "indices": [8457, 6]}}, {"type": "type", "geometry": {"coordinates": [11229, 15], "indices": [8463, 6]}}, {"type": "type", "geometry": {"coordinates": [11244, 21], "indices": [8469, 12]}}, {"type": "type", "geometry": {"coordinates": [11265, 57], "indices": [8481, 48]}}, {"type": "type", "geometry": {"coordinates": [11322, 87], "indices": [8529, 78]}}, {"type": "type", "geometry": {"coordinates": [11409, 141], "indices": [8607, 132]}}, {"type": "type", "geometry": {"coordinates": [11550, 45], "indices": [8739, 36]}}, {"type": "type", "geometry": {"coordinates": [11595, 15], "indices": [8775, 6]}}, {"type": "type", "geometry": {"coordinates": [11610, 15], "indices": [8781, 6]}}, {"type": "type", "geometry": {"coordinates": [11625, 15], "indices": [8787, 6]}}, {"type": "type", "geometry": {"coordinates": [11640, 15], "indices": [8793, 6]}}, {"type": "type", "geometry": {"coordinates": [11655, 51], "indices": [8799, 42]}}, {"type": "type", "geometry": {"coordinates": [11706, 51], "indices": [8841, 42]}}, {"type": "type", "geometry": {"coordinates": [11757, 51], "indices": [8883, 42]}}, {"type": "type", "geometry": {"coordinates": [11808, 51], "indices": [8925, 42]}}, {"type": "type", "geometry": {"coordinates": [11859, 51], "indices": [8967, 42]}}, {"type": "type", "geometry": {"coordinates": [11910, 51], "indices": [9009, 42]}}, {"type": "type", "geometry": {"coordinates": [11961, 99], "indices": [9051, 90]}}, {"type": "type", "geometry": {"coordinates": [12060, 120], "indices": [9141, 111]}}, {"type": "type", "geometry": {"coordinates": [12180, 51], "indices": [9252, 42]}}, {"type": "type", "geometry": {"coordinates": [12231, 93], "indices": [9294, 84]}}, {"type": "type", "geometry": {"coordinates": [12324, 90], "indices": [9378, 81]}}, {"type": "type", "geometry": {"coordinates": [12414, 66], "indices": [9459, 57]}}, {"type": "type", "geometry": {"coordinates": [12480, 87], "indices": [9516, 78]}}, {"type": "type", "geometry": {"coordinates": [12567, 54], "indices": [9594, 45]}}, {"type": "type", "geometry": {"coordinates": [12621, 138], "indices": [9639, 129]}}, {"type": "type", "geometry": {"coordinates": [12759, 51], "indices": [9768, 42]}}, {"type": "type", "geometry": {"coordinates": [12810, 51], "indices": [9810, 42]}}, {"type": "type", "geometry": {"coordinates": [12861, 51], "indices": [9852, 42]}}, {"type": "type", "geometry": {"coordinates": [12912, 51], "indices": [9894, 42]}}, {"type": "type", "geometry": {"coordinates": [12963, 51], "indices": [9936, 42]}}, {"type": "type", "geometry": {"coordinates": [13014, 51], "indices": [9978, 42]}}, {"type": "type", "geometry": {"coordinates": [13065, 51], "indices": [10020, 42]}}, {"type": "type", "geometry": {"coordinates": [13116, 51], "indices": [10062, 42]}}, {"type": "type", "geometry": {"coordinates": [13167, 51], "indices": [10104, 42]}}, {"type": "type", "geometry": {"coordinates": [13218, 51], "indices": [10146, 42]}}, {"type": "type", "geometry": {"coordinates": [13269, 51], "indices": [10188, 42]}}, {"type": "type", "geometry": {"coordinates": [13320, 51], "indices": [10230, 42]}}, {"type": "type", "geometry": {"coordinates": [13371, 51], "indices": [10272, 42]}}, {"type": "type", "geometry": {"coordinates": [13422, 51], "indices": [10314, 42]}}, {"type": "type", "geometry": {"coordinates": [13473, 51], "indices": [10356, 42]}}, {"type": "type", "geometry": {"coordinates": [13524, 51], "indices": [10398, 42]}}, {"type": "type", "geometry": {"coordinates": [13575, 51], "indices": [10440, 42]}}, {"type": "type", "geometry": {"coordinates": [13626, 51], "indices": [10482, 42]}}, {"type": "type", "geometry": {"coordinates": [13677, 51], "indices": [10524, 42]}}, {"type": "type", "geometry": {"coordinates": [13728, 51], "indices": [10566, 42]}}, {"type": "type", "geometry": {"coordinates": [13779, 51], "indices": [10608, 42]}}, {"type": "type", "geometry": {"coordinates": [13830, 51], "indices": [10650, 42]}}, {"type": "type", "geometry": {"coordinates": [13881, 51], "indices": [10692, 42]}}, {"type": "type", "geometry": {"coordinates": [13932, 51], "indices": [10734, 42]}}, {"type": "type", "geometry": {"coordinates": [13983, 51], "indices": [10776, 42]}}, {"type": "type", "geometry": {"coordinates": [14034, 108], "indices": [10818, 99]}}, {"type": "type", "geometry": {"coordinates": [14142, 108], "indices": [10917, 99]}}, {"type": "type", "geometry": {"coordinates": [14250, 15], "indices": [11016, 6]}}, {"type": "type", "geometry": {"coordinates": [14265, 15], "indices": [11022, 6]}}, {"type": "type", "geometry": {"coordinates": [14280, 15], "indices": [11028, 6]}}, {"type": "type", "geometry": {"coordinates": [14295, 15], "indices": [11034, 6]}}, {"type": "type", "geometry": {"coordinates": [14310, 15], "indices": [11040, 6]}}, {"type": "type", "geometry": {"coordinates": [14325, 15], "indices": [11046, 6]}}, {"type": "type", "geometry": {"coordinates": [14340, 15], "indices": [11052, 6]}}, {"type": "type", "geometry": {"coordinates": [14355, 15], "indices": [11058, 6]}}, {"type": "type", "geometry": {"coordinates": [14370, 15], "indices": [11064, 6]}}, {"type": "type", "geometry": {"coordinates": [14385, 15], "indices": [11070, 6]}}, {"type": "type", "geometry": {"coordinates": [14400, 15], "indices": [11076, 6]}}, {"type": "type", "geometry": {"coordinates": [14415, 15], "indices": [11082, 6]}}, {"type": "type", "geometry": {"coordinates": [14430, 15], "indices": [11088, 6]}}, {"type": "type", "geometry": {"coordinates": [14445, 15], "indices": [11094, 6]}}, {"type": "type", "geometry": {"coordinates": [14460, 15], "indices": [11100, 6]}}, {"type": "type", "geometry": {"coordinates": [14475, 27], "indices": [11106, 18]}}, {"type": "type", "geometry": {"coordinates": [14502, 51], "indices": [11124, 42]}}, {"type": "type", "geometry": {"coordinates": [14553, 51], "indices": [11166, 42]}}, {"type": "type", "geometry": {"coordinates": [14604, 51], "indices": [11208, 42]}}, {"type": "type", "geometry": {"coordinates": [14655, 51], "indices": [11250, 42]}}, {"type": "type", "geometry": {"coordinates": [14706, 51], "indices": [11292, 42]}}, {"type": "type", "geometry": {"coordinates": [14757, 51], "indices": [11334, 42]}}, {"type": "type", "geometry": {"coordinates": [14808, 51], "indices": [11376, 42]}}, {"type": "type", "geometry": {"coordinates": [14859, 51], "indices": [11418, 42]}}, {"type": "type", "geometry": {"coordinates": [14910, 51], "indices": [11460, 42]}}, {"type": "type", "geometry": {"coordinates": [14961, 15], "indices": [11502, 6]}}, {"type": "type", "geometry": {"coordinates": [14976, 15], "indices": [11508, 6]}}, {"type": "type", "geometry": {"coordinates": [14991, 15], "indices": [11514, 6]}}, {"type": "type", "geometry": {"coordinates": [15006, 15], "indices": [11520, 6]}}, {"type": "type", "geometry": {"coordinates": [15021, 15], "indices": [11526, 6]}}, {"type": "type", "geometry": {"coordinates": [15036, 15], "indices": [11532, 6]}}, {"type": "type", "geometry": {"coordinates": [15051, 15], "indices": [11538, 6]}}, {"type": "type", "geometry": {"coordinates": [15066, 15], "indices": [11544, 6]}}, {"type": "type", "geometry": {"coordinates": [15081, 15], "indices": [11550, 6]}}, {"type": "type", "geometry": {"coordinates": [15096, 15], "indices": [11556, 6]}}, {"type": "type", "geometry": {"coordinates": [15111, 15], "indices": [11562, 6]}}, {"type": "type", "geometry": {"coordinates": [15126, 15], "indices": [11568, 6]}}, {"type": "type", "geometry": {"coordinates": [15141, 15], "indices": [11574, 6]}}, {"type": "type", "geometry": {"coordinates": [15156, 15], "indices": [11580, 6]}}, {"type": "type", "geometry": {"coordinates": [15171, 15], "indices": [11586, 6]}}, {"type": "type", "geometry": {"coordinates": [15186, 15], "indices": [11592, 6]}}, {"type": "type", "geometry": {"coordinates": [15201, 15], "indices": [11598, 6]}}, {"type": "type", "geometry": {"coordinates": [15216, 15], "indices": [11604, 6]}}, {"type": "type", "geometry": {"coordinates": [15231, 15], "indices": [11610, 6]}}, {"type": "type", "geometry": {"coordinates": [15246, 15], "indices": [11616, 6]}}, {"type": "type", "geometry": {"coordinates": [15261, 15], "indices": [11622, 6]}}, {"type": "type", "geometry": {"coordinates": [15276, 15], "indices": [11628, 6]}}, {"type": "type", "geometry": {"coordinates": [15291, 15], "indices": [11634, 6]}}, {"type": "type", "geometry": {"coordinates": [15306, 15], "indices": [11640, 6]}}, {"type": "type", "geometry": {"coordinates": [15321, 27], "indices": [11646, 18]}}, {"type": "type", "geometry": {"coordinates": [15348, 33], "indices": [11664, 24]}}, {"type": "type", "geometry": {"coordinates": [15381, 15], "indices": [11688, 6]}}, {"type": "type", "geometry": {"coordinates": [15396, 27], "indices": [11694, 18]}}, {"type": "type", "geometry": {"coordinates": [15423, 33], "indices": [11712, 24]}}, {"type": "type", "geometry": {"coordinates": [15456, 33], "indices": [11736, 24]}}, {"type": "type", "geometry": {"coordinates": [15489, 15], "indices": [11760, 6]}}, {"type": "type", "geometry": {"coordinates": [15504, 24], "indices": [11766, 15]}}, {"type": "type", "geometry": {"coordinates": [15528, 33], "indices": [11781, 24]}}, {"type": "type", "geometry": {"coordinates": [15561, 24], "indices": [11805, 15]}}, {"type": "type", "geometry": {"coordinates": [15585, 27], "indices": [11820, 18]}}, {"type": "type", "geometry": {"coordinates": [15612, 21], "indices": [11838, 12]}}, {"type": "type", "geometry": {"coordinates": [15633, 36], "indices": [11850, 27]}}, {"type": "type", "geometry": {"coordinates": [15669, 30], "indices": [11877, 21]}}, {"type": "type", "geometry": {"coordinates": [15699, 54], "indices": [11898, 45]}}, {"type": "type", "geometry": {"coordinates": [15753, 15], "indices": [11943, 6]}}, {"type": "type", "geometry": {"coordinates": [15768, 15], "indices": [11949, 6]}}, {"type": "type", "geometry": {"coordinates": [15783, 18], "indices": [11955, 9]}}, {"type": "type", "geometry": {"coordinates": [15801, 15], "indices": [11964, 6]}}, {"type": "type", "geometry": {"coordinates": [15816, 15], "indices": [11970, 6]}}, {"type": "type", "geometry": {"coordinates": [15831, 117], "indices": [11976, 108]}}]}