{"id": "roads", "type": "TRIANGLES_3D_LAYER", "renderStyle": ["FLAT_COLOR"], "styleKey": "roads", "visible": true, "selectable": false, "skip": false, "data": [{"type": "type", "geometry": {"coordinates": [0, 228], "indices": [0, 219]}}, {"type": "type", "geometry": {"coordinates": [228, 267], "indices": [219, 258]}}, {"type": "type", "geometry": {"coordinates": [495, 210], "indices": [477, 201]}}, {"type": "type", "geometry": {"coordinates": [705, 249], "indices": [678, 240]}}, {"type": "type", "geometry": {"coordinates": [954, 264], "indices": [918, 255]}}, {"type": "type", "geometry": {"coordinates": [1218, 222], "indices": [1173, 213]}}, {"type": "type", "geometry": {"coordinates": [1440, 231], "indices": [1386, 222]}}, {"type": "type", "geometry": {"coordinates": [1671, 240], "indices": [1608, 231]}}, {"type": "type", "geometry": {"coordinates": [1911, 201], "indices": [1839, 192]}}, {"type": "type", "geometry": {"coordinates": [2112, 225], "indices": [2031, 216]}}, {"type": "type", "geometry": {"coordinates": [2337, 228], "indices": [2247, 219]}}, {"type": "type", "geometry": {"coordinates": [2565, 213], "indices": [2466, 204]}}, {"type": "type", "geometry": {"coordinates": [2778, 201], "indices": [2670, 192]}}, {"type": "type", "geometry": {"coordinates": [2979, 219], "indices": [2862, 210]}}, {"type": "type", "geometry": {"coordinates": [3198, 219], "indices": [3072, 210]}}, {"type": "type", "geometry": {"coordinates": [3417, 234], "indices": [3282, 225]}}, {"type": "type", "geometry": {"coordinates": [3651, 264], "indices": [3507, 255]}}, {"type": "type", "geometry": {"coordinates": [3915, 240], "indices": [3762, 231]}}, {"type": "type", "geometry": {"coordinates": [4155, 207], "indices": [3993, 198]}}, {"type": "type", "geometry": {"coordinates": [4362, 276], "indices": [4191, 267]}}, {"type": "type", "geometry": {"coordinates": [4638, 225], "indices": [4458, 216]}}, {"type": "type", "geometry": {"coordinates": [4863, 216], "indices": [4674, 207]}}, {"type": "type", "geometry": {"coordinates": [5079, 216], "indices": [4881, 207]}}, {"type": "type", "geometry": {"coordinates": [5295, 210], "indices": [5088, 201]}}, {"type": "type", "geometry": {"coordinates": [5505, 228], "indices": [5289, 219]}}, {"type": "type", "geometry": {"coordinates": [5733, 246], "indices": [5508, 237]}}, {"type": "type", "geometry": {"coordinates": [5979, 228], "indices": [5745, 219]}}, {"type": "type", "geometry": {"coordinates": [6207, 210], "indices": [5964, 201]}}, {"type": "type", "geometry": {"coordinates": [6417, 243], "indices": [6165, 234]}}, {"type": "type", "geometry": {"coordinates": [6660, 201], "indices": [6399, 192]}}, {"type": "type", "geometry": {"coordinates": [6861, 219], "indices": [6591, 210]}}, {"type": "type", "geometry": {"coordinates": [7080, 207], "indices": [6801, 198]}}, {"type": "type", "geometry": {"coordinates": [7287, 219], "indices": [6999, 210]}}, {"type": "type", "geometry": {"coordinates": [7506, 201], "indices": [7209, 192]}}, {"type": "type", "geometry": {"coordinates": [7707, 216], "indices": [7401, 207]}}, {"type": "type", "geometry": {"coordinates": [7923, 216], "indices": [7608, 207]}}, {"type": "type", "geometry": {"coordinates": [8139, 207], "indices": [7815, 198]}}, {"type": "type", "geometry": {"coordinates": [8346, 216], "indices": [8013, 207]}}, {"type": "type", "geometry": {"coordinates": [8562, 210], "indices": [8220, 201]}}, {"type": "type", "geometry": {"coordinates": [8772, 249], "indices": [8421, 240]}}, {"type": "type", "geometry": {"coordinates": [9021, 219], "indices": [8661, 210]}}, {"type": "type", "geometry": {"coordinates": [9240, 219], "indices": [8871, 210]}}, {"type": "type", "geometry": {"coordinates": [9459, 270], "indices": [9081, 261]}}, {"type": "type", "geometry": {"coordinates": [9729, 210], "indices": [9342, 201]}}, {"type": "type", "geometry": {"coordinates": [9939, 219], "indices": [9543, 210]}}, {"type": "type", "geometry": {"coordinates": [10158, 210], "indices": [9753, 201]}}, {"type": "type", "geometry": {"coordinates": [10368, 219], "indices": [9954, 210]}}, {"type": "type", "geometry": {"coordinates": [10587, 207], "indices": [10164, 198]}}, {"type": "type", "geometry": {"coordinates": [10794, 219], "indices": [10362, 210]}}, {"type": "type", "geometry": {"coordinates": [11013, 267], "indices": [10572, 258]}}, {"type": "type", "geometry": {"coordinates": [11280, 222], "indices": [10830, 213]}}, {"type": "type", "geometry": {"coordinates": [11502, 219], "indices": [11043, 210]}}, {"type": "type", "geometry": {"coordinates": [11721, 234], "indices": [11253, 225]}}, {"type": "type", "geometry": {"coordinates": [11955, 216], "indices": [11478, 207]}}, {"type": "type", "geometry": {"coordinates": [12171, 222], "indices": [11685, 213]}}, {"type": "type", "geometry": {"coordinates": [12393, 303], "indices": [11898, 294]}}, {"type": "type", "geometry": {"coordinates": [12696, 225], "indices": [12192, 216]}}, {"type": "type", "geometry": {"coordinates": [12921, 228], "indices": [12408, 219]}}, {"type": "type", "geometry": {"coordinates": [13149, 201], "indices": [12627, 192]}}, {"type": "type", "geometry": {"coordinates": [13350, 201], "indices": [12819, 192]}}, {"type": "type", "geometry": {"coordinates": [13551, 210], "indices": [13011, 201]}}, {"type": "type", "geometry": {"coordinates": [13761, 228], "indices": [13212, 219]}}, {"type": "type", "geometry": {"coordinates": [13989, 216], "indices": [13431, 207]}}, {"type": "type", "geometry": {"coordinates": [14205, 201], "indices": [13638, 192]}}, {"type": "type", "geometry": {"coordinates": [14406, 234], "indices": [13830, 225]}}, {"type": "type", "geometry": {"coordinates": [14640, 210], "indices": [14055, 201]}}, {"type": "type", "geometry": {"coordinates": [14850, 201], "indices": [14256, 192]}}, {"type": "type", "geometry": {"coordinates": [15051, 225], "indices": [14448, 216]}}, {"type": "type", "geometry": {"coordinates": [15276, 225], "indices": [14664, 216]}}, {"type": "type", "geometry": {"coordinates": [15501, 255], "indices": [14880, 246]}}, {"type": "type", "geometry": {"coordinates": [15756, 201], "indices": [15126, 192]}}, {"type": "type", "geometry": {"coordinates": [15957, 210], "indices": [15318, 201]}}, {"type": "type", "geometry": {"coordinates": [16167, 210], "indices": [15519, 201]}}, {"type": "type", "geometry": {"coordinates": [16377, 219], "indices": [15720, 210]}}, {"type": "type", "geometry": {"coordinates": [16596, 207], "indices": [15930, 198]}}, {"type": "type", "geometry": {"coordinates": [16803, 312], "indices": [16128, 303]}}, {"type": "type", "geometry": {"coordinates": [17115, 219], "indices": [16431, 210]}}, {"type": "type", "geometry": {"coordinates": [17334, 207], "indices": [16641, 198]}}, {"type": "type", "geometry": {"coordinates": [17541, 201], "indices": [16839, 192]}}, {"type": "type", "geometry": {"coordinates": [17742, 207], "indices": [17031, 198]}}, {"type": "type", "geometry": {"coordinates": [17949, 231], "indices": [17229, 222]}}, {"type": "type", "geometry": {"coordinates": [18180, 243], "indices": [17451, 234]}}, {"type": "type", "geometry": {"coordinates": [18423, 270], "indices": [17685, 261]}}, {"type": "type", "geometry": {"coordinates": [18693, 213], "indices": [17946, 204]}}, {"type": "type", "geometry": {"coordinates": [18906, 225], "indices": [18150, 216]}}, {"type": "type", "geometry": {"coordinates": [19131, 207], "indices": [18366, 198]}}, {"type": "type", "geometry": {"coordinates": [19338, 306], "indices": [18564, 297]}}, {"type": "type", "geometry": {"coordinates": [19644, 288], "indices": [18861, 279]}}, {"type": "type", "geometry": {"coordinates": [19932, 201], "indices": [19140, 192]}}, {"type": "type", "geometry": {"coordinates": [20133, 201], "indices": [19332, 192]}}, {"type": "type", "geometry": {"coordinates": [20334, 336], "indices": [19524, 327]}}, {"type": "type", "geometry": {"coordinates": [20670, 210], "indices": [19851, 201]}}, {"type": "type", "geometry": {"coordinates": [20880, 237], "indices": [20052, 228]}}, {"type": "type", "geometry": {"coordinates": [21117, 201], "indices": [20280, 192]}}, {"type": "type", "geometry": {"coordinates": [21318, 201], "indices": [20472, 192]}}, {"type": "type", "geometry": {"coordinates": [21519, 201], "indices": [20664, 192]}}, {"type": "type", "geometry": {"coordinates": [21720, 201], "indices": [20856, 192]}}, {"type": "type", "geometry": {"coordinates": [21921, 219], "indices": [21048, 210]}}, {"type": "type", "geometry": {"coordinates": [22140, 237], "indices": [21258, 228]}}, {"type": "type", "geometry": {"coordinates": [22377, 240], "indices": [21486, 231]}}, {"type": "type", "geometry": {"coordinates": [22617, 201], "indices": [21717, 192]}}, {"type": "type", "geometry": {"coordinates": [22818, 240], "indices": [21909, 231]}}, {"type": "type", "geometry": {"coordinates": [23058, 261], "indices": [22140, 252]}}, {"type": "type", "geometry": {"coordinates": [23319, 225], "indices": [22392, 216]}}, {"type": "type", "geometry": {"coordinates": [23544, 201], "indices": [22608, 192]}}, {"type": "type", "geometry": {"coordinates": [23745, 294], "indices": [22800, 285]}}, {"type": "type", "geometry": {"coordinates": [24039, 294], "indices": [23085, 285]}}, {"type": "type", "geometry": {"coordinates": [24333, 222], "indices": [23370, 213]}}, {"type": "type", "geometry": {"coordinates": [24555, 201], "indices": [23583, 192]}}, {"type": "type", "geometry": {"coordinates": [24756, 201], "indices": [23775, 192]}}, {"type": "type", "geometry": {"coordinates": [24957, 246], "indices": [23967, 237]}}, {"type": "type", "geometry": {"coordinates": [25203, 201], "indices": [24204, 192]}}, {"type": "type", "geometry": {"coordinates": [25404, 225], "indices": [24396, 216]}}, {"type": "type", "geometry": {"coordinates": [25629, 231], "indices": [24612, 222]}}, {"type": "type", "geometry": {"coordinates": [25860, 255], "indices": [24834, 246]}}, {"type": "type", "geometry": {"coordinates": [26115, 201], "indices": [25080, 192]}}, {"type": "type", "geometry": {"coordinates": [26316, 201], "indices": [25272, 192]}}, {"type": "type", "geometry": {"coordinates": [26517, 279], "indices": [25464, 270]}}, {"type": "type", "geometry": {"coordinates": [26796, 237], "indices": [25734, 228]}}, {"type": "type", "geometry": {"coordinates": [27033, 210], "indices": [25962, 201]}}, {"type": "type", "geometry": {"coordinates": [27243, 207], "indices": [26163, 198]}}, {"type": "type", "geometry": {"coordinates": [27450, 264], "indices": [26361, 255]}}, {"type": "type", "geometry": {"coordinates": [27714, 240], "indices": [26616, 231]}}, {"type": "type", "geometry": {"coordinates": [27954, 210], "indices": [26847, 201]}}, {"type": "type", "geometry": {"coordinates": [28164, 201], "indices": [27048, 192]}}, {"type": "type", "geometry": {"coordinates": [28365, 213], "indices": [27240, 204]}}, {"type": "type", "geometry": {"coordinates": [28578, 210], "indices": [27444, 201]}}, {"type": "type", "geometry": {"coordinates": [28788, 258], "indices": [27645, 249]}}, {"type": "type", "geometry": {"coordinates": [29046, 240], "indices": [27894, 231]}}, {"type": "type", "geometry": {"coordinates": [29286, 264], "indices": [28125, 255]}}, {"type": "type", "geometry": {"coordinates": [29550, 228], "indices": [28380, 219]}}, {"type": "type", "geometry": {"coordinates": [29778, 207], "indices": [28599, 198]}}, {"type": "type", "geometry": {"coordinates": [29985, 201], "indices": [28797, 192]}}, {"type": "type", "geometry": {"coordinates": [30186, 267], "indices": [28989, 258]}}, {"type": "type", "geometry": {"coordinates": [30453, 213], "indices": [29247, 204]}}, {"type": "type", "geometry": {"coordinates": [30666, 207], "indices": [29451, 198]}}, {"type": "type", "geometry": {"coordinates": [30873, 246], "indices": [29649, 237]}}, {"type": "type", "geometry": {"coordinates": [31119, 201], "indices": [29886, 192]}}, {"type": "type", "geometry": {"coordinates": [31320, 210], "indices": [30078, 201]}}, {"type": "type", "geometry": {"coordinates": [31530, 201], "indices": [30279, 192]}}, {"type": "type", "geometry": {"coordinates": [31731, 219], "indices": [30471, 210]}}, {"type": "type", "geometry": {"coordinates": [31950, 246], "indices": [30681, 237]}}, {"type": "type", "geometry": {"coordinates": [32196, 219], "indices": [30918, 210]}}, {"type": "type", "geometry": {"coordinates": [32415, 219], "indices": [31128, 210]}}, {"type": "type", "geometry": {"coordinates": [32634, 222], "indices": [31338, 213]}}, {"type": "type", "geometry": {"coordinates": [32856, 207], "indices": [31551, 198]}}, {"type": "type", "geometry": {"coordinates": [33063, 213], "indices": [31749, 204]}}, {"type": "type", "geometry": {"coordinates": [33276, 210], "indices": [31953, 201]}}, {"type": "type", "geometry": {"coordinates": [33486, 201], "indices": [32154, 192]}}, {"type": "type", "geometry": {"coordinates": [33687, 216], "indices": [32346, 207]}}, {"type": "type", "geometry": {"coordinates": [33903, 213], "indices": [32553, 204]}}, {"type": "type", "geometry": {"coordinates": [34116, 216], "indices": [32757, 207]}}, {"type": "type", "geometry": {"coordinates": [34332, 207], "indices": [32964, 198]}}, {"type": "type", "geometry": {"coordinates": [34539, 213], "indices": [33162, 204]}}, {"type": "type", "geometry": {"coordinates": [34752, 213], "indices": [33366, 204]}}, {"type": "type", "geometry": {"coordinates": [34965, 216], "indices": [33570, 207]}}, {"type": "type", "geometry": {"coordinates": [35181, 225], "indices": [33777, 216]}}, {"type": "type", "geometry": {"coordinates": [35406, 216], "indices": [33993, 207]}}, {"type": "type", "geometry": {"coordinates": [35622, 237], "indices": [34200, 228]}}, {"type": "type", "geometry": {"coordinates": [35859, 228], "indices": [34428, 219]}}, {"type": "type", "geometry": {"coordinates": [36087, 354], "indices": [34647, 345]}}, {"type": "type", "geometry": {"coordinates": [36441, 246], "indices": [34992, 237]}}, {"type": "type", "geometry": {"coordinates": [36687, 228], "indices": [35229, 219]}}, {"type": "type", "geometry": {"coordinates": [36915, 234], "indices": [35448, 225]}}, {"type": "type", "geometry": {"coordinates": [37149, 201], "indices": [35673, 192]}}, {"type": "type", "geometry": {"coordinates": [37350, 219], "indices": [35865, 210]}}, {"type": "type", "geometry": {"coordinates": [37569, 228], "indices": [36075, 219]}}, {"type": "type", "geometry": {"coordinates": [37797, 210], "indices": [36294, 201]}}, {"type": "type", "geometry": {"coordinates": [38007, 237], "indices": [36495, 228]}}, {"type": "type", "geometry": {"coordinates": [38244, 219], "indices": [36723, 210]}}, {"type": "type", "geometry": {"coordinates": [38463, 219], "indices": [36933, 210]}}, {"type": "type", "geometry": {"coordinates": [38682, 210], "indices": [37143, 201]}}, {"type": "type", "geometry": {"coordinates": [38892, 333], "indices": [37344, 324]}}, {"type": "type", "geometry": {"coordinates": [39225, 219], "indices": [37668, 210]}}, {"type": "type", "geometry": {"coordinates": [39444, 213], "indices": [37878, 204]}}, {"type": "type", "geometry": {"coordinates": [39657, 219], "indices": [38082, 210]}}, {"type": "type", "geometry": {"coordinates": [39876, 324], "indices": [38292, 315]}}, {"type": "type", "geometry": {"coordinates": [40200, 207], "indices": [38607, 198]}}, {"type": "type", "geometry": {"coordinates": [40407, 210], "indices": [38805, 201]}}, {"type": "type", "geometry": {"coordinates": [40617, 282], "indices": [39006, 273]}}, {"type": "type", "geometry": {"coordinates": [40899, 201], "indices": [39279, 192]}}, {"type": "type", "geometry": {"coordinates": [41100, 240], "indices": [39471, 231]}}, {"type": "type", "geometry": {"coordinates": [41340, 213], "indices": [39702, 204]}}, {"type": "type", "geometry": {"coordinates": [41553, 255], "indices": [39906, 246]}}, {"type": "type", "geometry": {"coordinates": [41808, 249], "indices": [40152, 240]}}, {"type": "type", "geometry": {"coordinates": [42057, 228], "indices": [40392, 219]}}, {"type": "type", "geometry": {"coordinates": [42285, 219], "indices": [40611, 210]}}, {"type": "type", "geometry": {"coordinates": [42504, 201], "indices": [40821, 192]}}, {"type": "type", "geometry": {"coordinates": [42705, 222], "indices": [41013, 213]}}, {"type": "type", "geometry": {"coordinates": [42927, 210], "indices": [41226, 201]}}, {"type": "type", "geometry": {"coordinates": [43137, 210], "indices": [41427, 201]}}, {"type": "type", "geometry": {"coordinates": [43347, 219], "indices": [41628, 210]}}, {"type": "type", "geometry": {"coordinates": [43566, 225], "indices": [41838, 216]}}, {"type": "type", "geometry": {"coordinates": [43791, 273], "indices": [42054, 264]}}, {"type": "type", "geometry": {"coordinates": [44064, 201], "indices": [42318, 192]}}, {"type": "type", "geometry": {"coordinates": [44265, 201], "indices": [42510, 192]}}, {"type": "type", "geometry": {"coordinates": [44466, 228], "indices": [42702, 219]}}, {"type": "type", "geometry": {"coordinates": [44694, 207], "indices": [42921, 198]}}, {"type": "type", "geometry": {"coordinates": [44901, 207], "indices": [43119, 198]}}, {"type": "type", "geometry": {"coordinates": [45108, 207], "indices": [43317, 198]}}, {"type": "type", "geometry": {"coordinates": [45315, 210], "indices": [43515, 201]}}, {"type": "type", "geometry": {"coordinates": [45525, 201], "indices": [43716, 192]}}, {"type": "type", "geometry": {"coordinates": [45726, 225], "indices": [43908, 216]}}, {"type": "type", "geometry": {"coordinates": [45951, 201], "indices": [44124, 192]}}, {"type": "type", "geometry": {"coordinates": [46152, 201], "indices": [44316, 192]}}, {"type": "type", "geometry": {"coordinates": [46353, 255], "indices": [44508, 246]}}, {"type": "type", "geometry": {"coordinates": [46608, 201], "indices": [44754, 192]}}, {"type": "type", "geometry": {"coordinates": [46809, 201], "indices": [44946, 192]}}, {"type": "type", "geometry": {"coordinates": [47010, 210], "indices": [45138, 201]}}, {"type": "type", "geometry": {"coordinates": [47220, 201], "indices": [45339, 192]}}, {"type": "type", "geometry": {"coordinates": [47421, 201], "indices": [45531, 192]}}, {"type": "type", "geometry": {"coordinates": [47622, 231], "indices": [45723, 222]}}, {"type": "type", "geometry": {"coordinates": [47853, 207], "indices": [45945, 198]}}, {"type": "type", "geometry": {"coordinates": [48060, 255], "indices": [46143, 246]}}, {"type": "type", "geometry": {"coordinates": [48315, 219], "indices": [46389, 210]}}, {"type": "type", "geometry": {"coordinates": [48534, 210], "indices": [46599, 201]}}, {"type": "type", "geometry": {"coordinates": [48744, 201], "indices": [46800, 192]}}, {"type": "type", "geometry": {"coordinates": [48945, 228], "indices": [46992, 219]}}, {"type": "type", "geometry": {"coordinates": [49173, 219], "indices": [47211, 210]}}, {"type": "type", "geometry": {"coordinates": [49392, 237], "indices": [47421, 228]}}, {"type": "type", "geometry": {"coordinates": [49629, 216], "indices": [47649, 207]}}, {"type": "type", "geometry": {"coordinates": [49845, 222], "indices": [47856, 213]}}, {"type": "type", "geometry": {"coordinates": [50067, 210], "indices": [48069, 201]}}, {"type": "type", "geometry": {"coordinates": [50277, 231], "indices": [48270, 222]}}, {"type": "type", "geometry": {"coordinates": [50508, 225], "indices": [48492, 216]}}, {"type": "type", "geometry": {"coordinates": [50733, 210], "indices": [48708, 201]}}, {"type": "type", "geometry": {"coordinates": [50943, 201], "indices": [48909, 192]}}, {"type": "type", "geometry": {"coordinates": [51144, 201], "indices": [49101, 192]}}, {"type": "type", "geometry": {"coordinates": [51345, 228], "indices": [49293, 219]}}, {"type": "type", "geometry": {"coordinates": [51573, 213], "indices": [49512, 204]}}, {"type": "type", "geometry": {"coordinates": [51786, 201], "indices": [49716, 192]}}, {"type": "type", "geometry": {"coordinates": [51987, 237], "indices": [49908, 228]}}, {"type": "type", "geometry": {"coordinates": [52224, 216], "indices": [50136, 207]}}, {"type": "type", "geometry": {"coordinates": [52440, 237], "indices": [50343, 228]}}, {"type": "type", "geometry": {"coordinates": [52677, 207], "indices": [50571, 198]}}, {"type": "type", "geometry": {"coordinates": [52884, 246], "indices": [50769, 237]}}, {"type": "type", "geometry": {"coordinates": [53130, 207], "indices": [51006, 198]}}, {"type": "type", "geometry": {"coordinates": [53337, 201], "indices": [51204, 192]}}, {"type": "type", "geometry": {"coordinates": [53538, 210], "indices": [51396, 201]}}, {"type": "type", "geometry": {"coordinates": [53748, 249], "indices": [51597, 240]}}, {"type": "type", "geometry": {"coordinates": [53997, 219], "indices": [51837, 210]}}, {"type": "type", "geometry": {"coordinates": [54216, 207], "indices": [52047, 198]}}, {"type": "type", "geometry": {"coordinates": [54423, 201], "indices": [52245, 192]}}, {"type": "type", "geometry": {"coordinates": [54624, 201], "indices": [52437, 192]}}, {"type": "type", "geometry": {"coordinates": [54825, 288], "indices": [52629, 279]}}, {"type": "type", "geometry": {"coordinates": [55113, 342], "indices": [52908, 333]}}, {"type": "type", "geometry": {"coordinates": [55455, 270], "indices": [53241, 261]}}, {"type": "type", "geometry": {"coordinates": [55725, 300], "indices": [53502, 291]}}, {"type": "type", "geometry": {"coordinates": [56025, 201], "indices": [53793, 192]}}, {"type": "type", "geometry": {"coordinates": [56226, 219], "indices": [53985, 210]}}, {"type": "type", "geometry": {"coordinates": [56445, 201], "indices": [54195, 192]}}, {"type": "type", "geometry": {"coordinates": [56646, 243], "indices": [54387, 234]}}, {"type": "type", "geometry": {"coordinates": [56889, 207], "indices": [54621, 198]}}, {"type": "type", "geometry": {"coordinates": [57096, 201], "indices": [54819, 192]}}, {"type": "type", "geometry": {"coordinates": [57297, 201], "indices": [55011, 192]}}, {"type": "type", "geometry": {"coordinates": [57498, 201], "indices": [55203, 192]}}, {"type": "type", "geometry": {"coordinates": [57699, 201], "indices": [55395, 192]}}, {"type": "type", "geometry": {"coordinates": [57900, 201], "indices": [55587, 192]}}, {"type": "type", "geometry": {"coordinates": [58101, 216], "indices": [55779, 207]}}, {"type": "type", "geometry": {"coordinates": [58317, 207], "indices": [55986, 198]}}, {"type": "type", "geometry": {"coordinates": [58524, 228], "indices": [56184, 219]}}, {"type": "type", "geometry": {"coordinates": [58752, 246], "indices": [56403, 237]}}, {"type": "type", "geometry": {"coordinates": [58998, 246], "indices": [56640, 237]}}, {"type": "type", "geometry": {"coordinates": [59244, 219], "indices": [56877, 210]}}, {"type": "type", "geometry": {"coordinates": [59463, 228], "indices": [57087, 219]}}, {"type": "type", "geometry": {"coordinates": [59691, 231], "indices": [57306, 222]}}, {"type": "type", "geometry": {"coordinates": [59922, 216], "indices": [57528, 207]}}, {"type": "type", "geometry": {"coordinates": [60138, 270], "indices": [57735, 261]}}, {"type": "type", "geometry": {"coordinates": [60408, 240], "indices": [57996, 231]}}, {"type": "type", "geometry": {"coordinates": [60648, 237], "indices": [58227, 228]}}, {"type": "type", "geometry": {"coordinates": [60885, 207], "indices": [58455, 198]}}, {"type": "type", "geometry": {"coordinates": [61092, 222], "indices": [58653, 213]}}, {"type": "type", "geometry": {"coordinates": [61314, 249], "indices": [58866, 240]}}, {"type": "type", "geometry": {"coordinates": [61563, 228], "indices": [59106, 219]}}, {"type": "type", "geometry": {"coordinates": [61791, 246], "indices": [59325, 237]}}, {"type": "type", "geometry": {"coordinates": [62037, 246], "indices": [59562, 237]}}, {"type": "type", "geometry": {"coordinates": [62283, 219], "indices": [59799, 210]}}, {"type": "type", "geometry": {"coordinates": [62502, 408], "indices": [60009, 399]}}, {"type": "type", "geometry": {"coordinates": [62910, 201], "indices": [60408, 192]}}, {"type": "type", "geometry": {"coordinates": [63111, 228], "indices": [60600, 219]}}, {"type": "type", "geometry": {"coordinates": [63339, 342], "indices": [60819, 333]}}, {"type": "type", "geometry": {"coordinates": [63681, 210], "indices": [61152, 201]}}, {"type": "type", "geometry": {"coordinates": [63891, 309], "indices": [61353, 300]}}, {"type": "type", "geometry": {"coordinates": [64200, 225], "indices": [61653, 216]}}, {"type": "type", "geometry": {"coordinates": [64425, 279], "indices": [61869, 270]}}, {"type": "type", "geometry": {"coordinates": [64704, 201], "indices": [62139, 192]}}, {"type": "type", "geometry": {"coordinates": [64905, 237], "indices": [62331, 228]}}, {"type": "type", "geometry": {"coordinates": [65142, 255], "indices": [62559, 246]}}, {"type": "type", "geometry": {"coordinates": [65397, 252], "indices": [62805, 243]}}, {"type": "type", "geometry": {"coordinates": [65649, 222], "indices": [63048, 213]}}, {"type": "type", "geometry": {"coordinates": [65871, 213], "indices": [63261, 204]}}, {"type": "type", "geometry": {"coordinates": [66084, 207], "indices": [63465, 198]}}, {"type": "type", "geometry": {"coordinates": [66291, 243], "indices": [63663, 234]}}, {"type": "type", "geometry": {"coordinates": [66534, 210], "indices": [63897, 201]}}, {"type": "type", "geometry": {"coordinates": [66744, 201], "indices": [64098, 192]}}, {"type": "type", "geometry": {"coordinates": [66945, 279], "indices": [64290, 270]}}, {"type": "type", "geometry": {"coordinates": [67224, 228], "indices": [64560, 219]}}, {"type": "type", "geometry": {"coordinates": [67452, 309], "indices": [64779, 300]}}, {"type": "type", "geometry": {"coordinates": [67761, 210], "indices": [65079, 201]}}, {"type": "type", "geometry": {"coordinates": [67971, 333], "indices": [65280, 324]}}, {"type": "type", "geometry": {"coordinates": [68304, 201], "indices": [65604, 192]}}, {"type": "type", "geometry": {"coordinates": [68505, 225], "indices": [65796, 216]}}, {"type": "type", "geometry": {"coordinates": [68730, 201], "indices": [66012, 192]}}, {"type": "type", "geometry": {"coordinates": [68931, 219], "indices": [66204, 210]}}, {"type": "type", "geometry": {"coordinates": [69150, 201], "indices": [66414, 192]}}, {"type": "type", "geometry": {"coordinates": [69351, 210], "indices": [66606, 201]}}, {"type": "type", "geometry": {"coordinates": [69561, 207], "indices": [66807, 198]}}, {"type": "type", "geometry": {"coordinates": [69768, 255], "indices": [67005, 246]}}, {"type": "type", "geometry": {"coordinates": [70023, 210], "indices": [67251, 201]}}, {"type": "type", "geometry": {"coordinates": [70233, 228], "indices": [67452, 219]}}, {"type": "type", "geometry": {"coordinates": [70461, 228], "indices": [67671, 219]}}, {"type": "type", "geometry": {"coordinates": [70689, 210], "indices": [67890, 201]}}, {"type": "type", "geometry": {"coordinates": [70899, 327], "indices": [68091, 318]}}, {"type": "type", "geometry": {"coordinates": [71226, 210], "indices": [68409, 201]}}, {"type": "type", "geometry": {"coordinates": [71436, 201], "indices": [68610, 192]}}, {"type": "type", "geometry": {"coordinates": [71637, 246], "indices": [68802, 237]}}, {"type": "type", "geometry": {"coordinates": [71883, 219], "indices": [69039, 210]}}, {"type": "type", "geometry": {"coordinates": [72102, 201], "indices": [69249, 192]}}, {"type": "type", "geometry": {"coordinates": [72303, 222], "indices": [69441, 213]}}, {"type": "type", "geometry": {"coordinates": [72525, 246], "indices": [69654, 237]}}, {"type": "type", "geometry": {"coordinates": [72771, 288], "indices": [69891, 279]}}, {"type": "type", "geometry": {"coordinates": [73059, 210], "indices": [70170, 201]}}, {"type": "type", "geometry": {"coordinates": [73269, 201], "indices": [70371, 192]}}, {"type": "type", "geometry": {"coordinates": [73470, 219], "indices": [70563, 210]}}, {"type": "type", "geometry": {"coordinates": [73689, 219], "indices": [70773, 210]}}, {"type": "type", "geometry": {"coordinates": [73908, 231], "indices": [70983, 222]}}, {"type": "type", "geometry": {"coordinates": [74139, 255], "indices": [71205, 246]}}, {"type": "type", "geometry": {"coordinates": [74394, 270], "indices": [71451, 261]}}, {"type": "type", "geometry": {"coordinates": [74664, 201], "indices": [71712, 192]}}, {"type": "type", "geometry": {"coordinates": [74865, 225], "indices": [71904, 216]}}, {"type": "type", "geometry": {"coordinates": [75090, 201], "indices": [72120, 192]}}, {"type": "type", "geometry": {"coordinates": [75291, 201], "indices": [72312, 192]}}, {"type": "type", "geometry": {"coordinates": [75492, 219], "indices": [72504, 210]}}, {"type": "type", "geometry": {"coordinates": [75711, 207], "indices": [72714, 198]}}, {"type": "type", "geometry": {"coordinates": [75918, 210], "indices": [72912, 201]}}, {"type": "type", "geometry": {"coordinates": [76128, 210], "indices": [73113, 201]}}, {"type": "type", "geometry": {"coordinates": [76338, 201], "indices": [73314, 192]}}, {"type": "type", "geometry": {"coordinates": [76539, 201], "indices": [73506, 192]}}, {"type": "type", "geometry": {"coordinates": [76740, 225], "indices": [73698, 216]}}, {"type": "type", "geometry": {"coordinates": [76965, 201], "indices": [73914, 192]}}, {"type": "type", "geometry": {"coordinates": [77166, 201], "indices": [74106, 192]}}, {"type": "type", "geometry": {"coordinates": [77367, 219], "indices": [74298, 210]}}, {"type": "type", "geometry": {"coordinates": [77586, 210], "indices": [74508, 201]}}, {"type": "type", "geometry": {"coordinates": [77796, 210], "indices": [74709, 201]}}, {"type": "type", "geometry": {"coordinates": [78006, 246], "indices": [74910, 237]}}, {"type": "type", "geometry": {"coordinates": [78252, 210], "indices": [75147, 201]}}, {"type": "type", "geometry": {"coordinates": [78462, 228], "indices": [75348, 219]}}, {"type": "type", "geometry": {"coordinates": [78690, 210], "indices": [75567, 201]}}, {"type": "type", "geometry": {"coordinates": [78900, 207], "indices": [75768, 198]}}, {"type": "type", "geometry": {"coordinates": [79107, 207], "indices": [75966, 198]}}, {"type": "type", "geometry": {"coordinates": [79314, 255], "indices": [76164, 246]}}, {"type": "type", "geometry": {"coordinates": [79569, 222], "indices": [76410, 213]}}, {"type": "type", "geometry": {"coordinates": [79791, 201], "indices": [76623, 192]}}, {"type": "type", "geometry": {"coordinates": [79992, 210], "indices": [76815, 201]}}, {"type": "type", "geometry": {"coordinates": [80202, 210], "indices": [77016, 201]}}, {"type": "type", "geometry": {"coordinates": [80412, 366], "indices": [77217, 357]}}, {"type": "type", "geometry": {"coordinates": [80778, 231], "indices": [77574, 222]}}, {"type": "type", "geometry": {"coordinates": [81009, 210], "indices": [77796, 201]}}, {"type": "type", "geometry": {"coordinates": [81219, 270], "indices": [77997, 261]}}, {"type": "type", "geometry": {"coordinates": [81489, 210], "indices": [78258, 201]}}, {"type": "type", "geometry": {"coordinates": [81699, 201], "indices": [78459, 192]}}, {"type": "type", "geometry": {"coordinates": [81900, 201], "indices": [78651, 192]}}, {"type": "type", "geometry": {"coordinates": [82101, 255], "indices": [78843, 246]}}, {"type": "type", "geometry": {"coordinates": [82356, 207], "indices": [79089, 198]}}, {"type": "type", "geometry": {"coordinates": [82563, 201], "indices": [79287, 192]}}, {"type": "type", "geometry": {"coordinates": [82764, 201], "indices": [79479, 192]}}, {"type": "type", "geometry": {"coordinates": [82965, 201], "indices": [79671, 192]}}, {"type": "type", "geometry": {"coordinates": [83166, 201], "indices": [79863, 192]}}, {"type": "type", "geometry": {"coordinates": [83367, 201], "indices": [80055, 192]}}, {"type": "type", "geometry": {"coordinates": [83568, 201], "indices": [80247, 192]}}, {"type": "type", "geometry": {"coordinates": [83769, 255], "indices": [80439, 246]}}, {"type": "type", "geometry": {"coordinates": [84024, 201], "indices": [80685, 192]}}, {"type": "type", "geometry": {"coordinates": [84225, 201], "indices": [80877, 192]}}, {"type": "type", "geometry": {"coordinates": [84426, 267], "indices": [81069, 258]}}, {"type": "type", "geometry": {"coordinates": [84693, 201], "indices": [81327, 192]}}, {"type": "type", "geometry": {"coordinates": [84894, 201], "indices": [81519, 192]}}, {"type": "type", "geometry": {"coordinates": [85095, 201], "indices": [81711, 192]}}, {"type": "type", "geometry": {"coordinates": [85296, 201], "indices": [81903, 192]}}, {"type": "type", "geometry": {"coordinates": [85497, 201], "indices": [82095, 192]}}, {"type": "type", "geometry": {"coordinates": [85698, 201], "indices": [82287, 192]}}, {"type": "type", "geometry": {"coordinates": [85899, 201], "indices": [82479, 192]}}, {"type": "type", "geometry": {"coordinates": [86100, 207], "indices": [82671, 198]}}, {"type": "type", "geometry": {"coordinates": [86307, 309], "indices": [82869, 300]}}, {"type": "type", "geometry": {"coordinates": [86616, 201], "indices": [83169, 192]}}, {"type": "type", "geometry": {"coordinates": [86817, 207], "indices": [83361, 198]}}, {"type": "type", "geometry": {"coordinates": [87024, 249], "indices": [83559, 240]}}, {"type": "type", "geometry": {"coordinates": [87273, 201], "indices": [83799, 192]}}, {"type": "type", "geometry": {"coordinates": [87474, 201], "indices": [83991, 192]}}, {"type": "type", "geometry": {"coordinates": [87675, 270], "indices": [84183, 261]}}, {"type": "type", "geometry": {"coordinates": [87945, 231], "indices": [84444, 222]}}, {"type": "type", "geometry": {"coordinates": [88176, 201], "indices": [84666, 192]}}, {"type": "type", "geometry": {"coordinates": [88377, 201], "indices": [84858, 192]}}, {"type": "type", "geometry": {"coordinates": [88578, 201], "indices": [85050, 192]}}, {"type": "type", "geometry": {"coordinates": [88779, 201], "indices": [85242, 192]}}, {"type": "type", "geometry": {"coordinates": [88980, 201], "indices": [85434, 192]}}, {"type": "type", "geometry": {"coordinates": [89181, 201], "indices": [85626, 192]}}, {"type": "type", "geometry": {"coordinates": [89382, 201], "indices": [85818, 192]}}, {"type": "type", "geometry": {"coordinates": [89583, 201], "indices": [86010, 192]}}, {"type": "type", "geometry": {"coordinates": [89784, 201], "indices": [86202, 192]}}, {"type": "type", "geometry": {"coordinates": [89985, 327], "indices": [86394, 318]}}, {"type": "type", "geometry": {"coordinates": [90312, 285], "indices": [86712, 276]}}, {"type": "type", "geometry": {"coordinates": [90597, 204], "indices": [86988, 195]}}, {"type": "type", "geometry": {"coordinates": [90801, 201], "indices": [87183, 192]}}, {"type": "type", "geometry": {"coordinates": [91002, 279], "indices": [87375, 270]}}, {"type": "type", "geometry": {"coordinates": [91281, 255], "indices": [87645, 246]}}, {"type": "type", "geometry": {"coordinates": [91536, 264], "indices": [87891, 255]}}, {"type": "type", "geometry": {"coordinates": [91800, 201], "indices": [88146, 192]}}, {"type": "type", "geometry": {"coordinates": [92001, 201], "indices": [88338, 192]}}, {"type": "type", "geometry": {"coordinates": [92202, 201], "indices": [88530, 192]}}, {"type": "type", "geometry": {"coordinates": [92403, 207], "indices": [88722, 198]}}, {"type": "type", "geometry": {"coordinates": [92610, 201], "indices": [88920, 192]}}, {"type": "type", "geometry": {"coordinates": [92811, 201], "indices": [89112, 192]}}, {"type": "type", "geometry": {"coordinates": [93012, 207], "indices": [89304, 198]}}, {"type": "type", "geometry": {"coordinates": [93219, 201], "indices": [89502, 192]}}, {"type": "type", "geometry": {"coordinates": [93420, 210], "indices": [89694, 201]}}, {"type": "type", "geometry": {"coordinates": [93630, 201], "indices": [89895, 192]}}, {"type": "type", "geometry": {"coordinates": [93831, 201], "indices": [90087, 192]}}, {"type": "type", "geometry": {"coordinates": [94032, 201], "indices": [90279, 192]}}, {"type": "type", "geometry": {"coordinates": [94233, 201], "indices": [90471, 192]}}, {"type": "type", "geometry": {"coordinates": [94434, 219], "indices": [90663, 210]}}, {"type": "type", "geometry": {"coordinates": [94653, 222], "indices": [90873, 213]}}, {"type": "type", "geometry": {"coordinates": [94875, 216], "indices": [91086, 207]}}, {"type": "type", "geometry": {"coordinates": [95091, 219], "indices": [91293, 210]}}, {"type": "type", "geometry": {"coordinates": [95310, 210], "indices": [91503, 201]}}, {"type": "type", "geometry": {"coordinates": [95520, 237], "indices": [91704, 228]}}, {"type": "type", "geometry": {"coordinates": [95757, 219], "indices": [91932, 210]}}, {"type": "type", "geometry": {"coordinates": [95976, 207], "indices": [92142, 198]}}, {"type": "type", "geometry": {"coordinates": [96183, 228], "indices": [92340, 219]}}, {"type": "type", "geometry": {"coordinates": [96411, 219], "indices": [92559, 210]}}, {"type": "type", "geometry": {"coordinates": [96630, 213], "indices": [92769, 204]}}, {"type": "type", "geometry": {"coordinates": [96843, 210], "indices": [92973, 201]}}, {"type": "type", "geometry": {"coordinates": [97053, 210], "indices": [93174, 201]}}, {"type": "type", "geometry": {"coordinates": [97263, 210], "indices": [93375, 201]}}, {"type": "type", "geometry": {"coordinates": [97473, 201], "indices": [93576, 192]}}, {"type": "type", "geometry": {"coordinates": [97674, 207], "indices": [93768, 198]}}, {"type": "type", "geometry": {"coordinates": [97881, 213], "indices": [93966, 204]}}, {"type": "type", "geometry": {"coordinates": [98094, 207], "indices": [94170, 198]}}, {"type": "type", "geometry": {"coordinates": [98301, 210], "indices": [94368, 201]}}, {"type": "type", "geometry": {"coordinates": [98511, 216], "indices": [94569, 207]}}, {"type": "type", "geometry": {"coordinates": [98727, 219], "indices": [94776, 210]}}, {"type": "type", "geometry": {"coordinates": [98946, 258], "indices": [94986, 249]}}, {"type": "type", "geometry": {"coordinates": [99204, 210], "indices": [95235, 201]}}, {"type": "type", "geometry": {"coordinates": [99414, 255], "indices": [95436, 246]}}, {"type": "type", "geometry": {"coordinates": [99669, 207], "indices": [95682, 198]}}, {"type": "type", "geometry": {"coordinates": [99876, 210], "indices": [95880, 201]}}, {"type": "type", "geometry": {"coordinates": [100086, 207], "indices": [96081, 198]}}, {"type": "type", "geometry": {"coordinates": [100293, 219], "indices": [96279, 210]}}, {"type": "type", "geometry": {"coordinates": [100512, 252], "indices": [96489, 243]}}, {"type": "type", "geometry": {"coordinates": [100764, 315], "indices": [96732, 306]}}, {"type": "type", "geometry": {"coordinates": [101079, 207], "indices": [97038, 198]}}, {"type": "type", "geometry": {"coordinates": [101286, 210], "indices": [97236, 201]}}, {"type": "type", "geometry": {"coordinates": [101496, 201], "indices": [97437, 192]}}, {"type": "type", "geometry": {"coordinates": [101697, 201], "indices": [97629, 192]}}, {"type": "type", "geometry": {"coordinates": [101898, 276], "indices": [97821, 267]}}, {"type": "type", "geometry": {"coordinates": [102174, 201], "indices": [98088, 192]}}, {"type": "type", "geometry": {"coordinates": [102375, 270], "indices": [98280, 261]}}, {"type": "type", "geometry": {"coordinates": [102645, 201], "indices": [98541, 192]}}, {"type": "type", "geometry": {"coordinates": [102846, 201], "indices": [98733, 192]}}, {"type": "type", "geometry": {"coordinates": [103047, 243], "indices": [98925, 234]}}, {"type": "type", "geometry": {"coordinates": [103290, 201], "indices": [99159, 192]}}, {"type": "type", "geometry": {"coordinates": [103491, 279], "indices": [99351, 270]}}, {"type": "type", "geometry": {"coordinates": [103770, 234], "indices": [99621, 225]}}, {"type": "type", "geometry": {"coordinates": [104004, 201], "indices": [99846, 192]}}, {"type": "type", "geometry": {"coordinates": [104205, 201], "indices": [100038, 192]}}, {"type": "type", "geometry": {"coordinates": [104406, 201], "indices": [100230, 192]}}, {"type": "type", "geometry": {"coordinates": [104607, 207], "indices": [100422, 198]}}, {"type": "type", "geometry": {"coordinates": [104814, 201], "indices": [100620, 192]}}, {"type": "type", "geometry": {"coordinates": [105015, 201], "indices": [100812, 192]}}, {"type": "type", "geometry": {"coordinates": [105216, 219], "indices": [101004, 210]}}, {"type": "type", "geometry": {"coordinates": [105435, 201], "indices": [101214, 192]}}, {"type": "type", "geometry": {"coordinates": [105636, 411], "indices": [101406, 402]}}, {"type": "type", "geometry": {"coordinates": [106047, 207], "indices": [101808, 198]}}, {"type": "type", "geometry": {"coordinates": [106254, 210], "indices": [102006, 201]}}, {"type": "type", "geometry": {"coordinates": [106464, 201], "indices": [102207, 192]}}, {"type": "type", "geometry": {"coordinates": [106665, 201], "indices": [102399, 192]}}, {"type": "type", "geometry": {"coordinates": [106866, 201], "indices": [102591, 192]}}, {"type": "type", "geometry": {"coordinates": [107067, 252], "indices": [102783, 243]}}, {"type": "type", "geometry": {"coordinates": [107319, 210], "indices": [103026, 201]}}, {"type": "type", "geometry": {"coordinates": [107529, 201], "indices": [103227, 192]}}, {"type": "type", "geometry": {"coordinates": [107730, 201], "indices": [103419, 192]}}, {"type": "type", "geometry": {"coordinates": [107931, 201], "indices": [103611, 192]}}, {"type": "type", "geometry": {"coordinates": [108132, 201], "indices": [103803, 192]}}, {"type": "type", "geometry": {"coordinates": [108333, 285], "indices": [103995, 276]}}, {"type": "type", "geometry": {"coordinates": [108618, 255], "indices": [104271, 246]}}, {"type": "type", "geometry": {"coordinates": [108873, 318], "indices": [104517, 309]}}, {"type": "type", "geometry": {"coordinates": [109191, 228], "indices": [104826, 219]}}, {"type": "type", "geometry": {"coordinates": [109419, 210], "indices": [105045, 201]}}, {"type": "type", "geometry": {"coordinates": [109629, 201], "indices": [105246, 192]}}, {"type": "type", "geometry": {"coordinates": [109830, 324], "indices": [105438, 315]}}, {"type": "type", "geometry": {"coordinates": [110154, 201], "indices": [105753, 192]}}, {"type": "type", "geometry": {"coordinates": [110355, 201], "indices": [105945, 192]}}, {"type": "type", "geometry": {"coordinates": [110556, 210], "indices": [106137, 201]}}, {"type": "type", "geometry": {"coordinates": [110766, 210], "indices": [106338, 201]}}, {"type": "type", "geometry": {"coordinates": [110976, 201], "indices": [106539, 192]}}, {"type": "type", "geometry": {"coordinates": [111177, 201], "indices": [106731, 192]}}, {"type": "type", "geometry": {"coordinates": [111378, 201], "indices": [106923, 192]}}, {"type": "type", "geometry": {"coordinates": [111579, 201], "indices": [107115, 192]}}, {"type": "type", "geometry": {"coordinates": [111780, 201], "indices": [107307, 192]}}, {"type": "type", "geometry": {"coordinates": [111981, 201], "indices": [107499, 192]}}, {"type": "type", "geometry": {"coordinates": [112182, 201], "indices": [107691, 192]}}, {"type": "type", "geometry": {"coordinates": [112383, 201], "indices": [107883, 192]}}, {"type": "type", "geometry": {"coordinates": [112584, 201], "indices": [108075, 192]}}, {"type": "type", "geometry": {"coordinates": [112785, 201], "indices": [108267, 192]}}, {"type": "type", "geometry": {"coordinates": [112986, 264], "indices": [108459, 255]}}, {"type": "type", "geometry": {"coordinates": [113250, 219], "indices": [108714, 210]}}, {"type": "type", "geometry": {"coordinates": [113469, 201], "indices": [108924, 192]}}, {"type": "type", "geometry": {"coordinates": [113670, 201], "indices": [109116, 192]}}, {"type": "type", "geometry": {"coordinates": [113871, 219], "indices": [109308, 210]}}, {"type": "type", "geometry": {"coordinates": [114090, 207], "indices": [109518, 198]}}, {"type": "type", "geometry": {"coordinates": [114297, 201], "indices": [109716, 192]}}, {"type": "type", "geometry": {"coordinates": [114498, 201], "indices": [109908, 192]}}, {"type": "type", "geometry": {"coordinates": [114699, 207], "indices": [110100, 198]}}, {"type": "type", "geometry": {"coordinates": [114906, 399], "indices": [110298, 390]}}, {"type": "type", "geometry": {"coordinates": [115305, 240], "indices": [110688, 231]}}, {"type": "type", "geometry": {"coordinates": [115545, 366], "indices": [110919, 357]}}, {"type": "type", "geometry": {"coordinates": [115911, 207], "indices": [111276, 198]}}, {"type": "type", "geometry": {"coordinates": [116118, 201], "indices": [111474, 192]}}, {"type": "type", "geometry": {"coordinates": [116319, 201], "indices": [111666, 192]}}, {"type": "type", "geometry": {"coordinates": [116520, 201], "indices": [111858, 192]}}, {"type": "type", "geometry": {"coordinates": [116721, 201], "indices": [112050, 192]}}, {"type": "type", "geometry": {"coordinates": [116922, 210], "indices": [112242, 201]}}, {"type": "type", "geometry": {"coordinates": [117132, 255], "indices": [112443, 246]}}, {"type": "type", "geometry": {"coordinates": [117387, 219], "indices": [112689, 210]}}, {"type": "type", "geometry": {"coordinates": [117606, 372], "indices": [112899, 363]}}, {"type": "type", "geometry": {"coordinates": [117978, 201], "indices": [113262, 192]}}, {"type": "type", "geometry": {"coordinates": [118179, 207], "indices": [113454, 198]}}, {"type": "type", "geometry": {"coordinates": [118386, 219], "indices": [113652, 210]}}, {"type": "type", "geometry": {"coordinates": [118605, 201], "indices": [113862, 192]}}, {"type": "type", "geometry": {"coordinates": [118806, 201], "indices": [114054, 192]}}, {"type": "type", "geometry": {"coordinates": [119007, 201], "indices": [114246, 192]}}, {"type": "type", "geometry": {"coordinates": [119208, 201], "indices": [114438, 192]}}, {"type": "type", "geometry": {"coordinates": [119409, 201], "indices": [114630, 192]}}, {"type": "type", "geometry": {"coordinates": [119610, 201], "indices": [114822, 192]}}, {"type": "type", "geometry": {"coordinates": [119811, 201], "indices": [115014, 192]}}, {"type": "type", "geometry": {"coordinates": [120012, 201], "indices": [115206, 192]}}, {"type": "type", "geometry": {"coordinates": [120213, 201], "indices": [115398, 192]}}, {"type": "type", "geometry": {"coordinates": [120414, 201], "indices": [115590, 192]}}, {"type": "type", "geometry": {"coordinates": [120615, 201], "indices": [115782, 192]}}, {"type": "type", "geometry": {"coordinates": [120816, 201], "indices": [115974, 192]}}, {"type": "type", "geometry": {"coordinates": [121017, 201], "indices": [116166, 192]}}, {"type": "type", "geometry": {"coordinates": [121218, 201], "indices": [116358, 192]}}, {"type": "type", "geometry": {"coordinates": [121419, 210], "indices": [116550, 201]}}, {"type": "type", "geometry": {"coordinates": [121629, 201], "indices": [116751, 192]}}, {"type": "type", "geometry": {"coordinates": [121830, 201], "indices": [116943, 192]}}, {"type": "type", "geometry": {"coordinates": [122031, 201], "indices": [117135, 192]}}, {"type": "type", "geometry": {"coordinates": [122232, 222], "indices": [117327, 213]}}, {"type": "type", "geometry": {"coordinates": [122454, 216], "indices": [117540, 207]}}, {"type": "type", "geometry": {"coordinates": [122670, 222], "indices": [117747, 213]}}, {"type": "type", "geometry": {"coordinates": [122892, 213], "indices": [117960, 204]}}, {"type": "type", "geometry": {"coordinates": [123105, 201], "indices": [118164, 192]}}, {"type": "type", "geometry": {"coordinates": [123306, 201], "indices": [118356, 192]}}, {"type": "type", "geometry": {"coordinates": [123507, 201], "indices": [118548, 192]}}, {"type": "type", "geometry": {"coordinates": [123708, 201], "indices": [118740, 192]}}, {"type": "type", "geometry": {"coordinates": [123909, 201], "indices": [118932, 192]}}, {"type": "type", "geometry": {"coordinates": [124110, 201], "indices": [119124, 192]}}, {"type": "type", "geometry": {"coordinates": [124311, 201], "indices": [119316, 192]}}, {"type": "type", "geometry": {"coordinates": [124512, 201], "indices": [119508, 192]}}, {"type": "type", "geometry": {"coordinates": [124713, 201], "indices": [119700, 192]}}, {"type": "type", "geometry": {"coordinates": [124914, 201], "indices": [119892, 192]}}, {"type": "type", "geometry": {"coordinates": [125115, 201], "indices": [120084, 192]}}, {"type": "type", "geometry": {"coordinates": [125316, 201], "indices": [120276, 192]}}, {"type": "type", "geometry": {"coordinates": [125517, 264], "indices": [120468, 255]}}, {"type": "type", "geometry": {"coordinates": [125781, 201], "indices": [120723, 192]}}, {"type": "type", "geometry": {"coordinates": [125982, 246], "indices": [120915, 237]}}, {"type": "type", "geometry": {"coordinates": [126228, 201], "indices": [121152, 192]}}, {"type": "type", "geometry": {"coordinates": [126429, 201], "indices": [121344, 192]}}, {"type": "type", "geometry": {"coordinates": [126630, 201], "indices": [121536, 192]}}, {"type": "type", "geometry": {"coordinates": [126831, 201], "indices": [121728, 192]}}, {"type": "type", "geometry": {"coordinates": [127032, 219], "indices": [121920, 210]}}, {"type": "type", "geometry": {"coordinates": [127251, 201], "indices": [122130, 192]}}, {"type": "type", "geometry": {"coordinates": [127452, 201], "indices": [122322, 192]}}, {"type": "type", "geometry": {"coordinates": [127653, 201], "indices": [122514, 192]}}, {"type": "type", "geometry": {"coordinates": [127854, 201], "indices": [122706, 192]}}, {"type": "type", "geometry": {"coordinates": [128055, 201], "indices": [122898, 192]}}, {"type": "type", "geometry": {"coordinates": [128256, 201], "indices": [123090, 192]}}, {"type": "type", "geometry": {"coordinates": [128457, 201], "indices": [123282, 192]}}, {"type": "type", "geometry": {"coordinates": [128658, 201], "indices": [123474, 192]}}, {"type": "type", "geometry": {"coordinates": [128859, 201], "indices": [123666, 192]}}, {"type": "type", "geometry": {"coordinates": [129060, 201], "indices": [123858, 192]}}, {"type": "type", "geometry": {"coordinates": [129261, 201], "indices": [124050, 192]}}, {"type": "type", "geometry": {"coordinates": [129462, 201], "indices": [124242, 192]}}, {"type": "type", "geometry": {"coordinates": [129663, 201], "indices": [124434, 192]}}, {"type": "type", "geometry": {"coordinates": [129864, 201], "indices": [124626, 192]}}, {"type": "type", "geometry": {"coordinates": [130065, 201], "indices": [124818, 192]}}, {"type": "type", "geometry": {"coordinates": [130266, 201], "indices": [125010, 192]}}, {"type": "type", "geometry": {"coordinates": [130467, 210], "indices": [125202, 201]}}, {"type": "type", "geometry": {"coordinates": [130677, 201], "indices": [125403, 192]}}, {"type": "type", "geometry": {"coordinates": [130878, 201], "indices": [125595, 192]}}, {"type": "type", "geometry": {"coordinates": [131079, 207], "indices": [125787, 198]}}, {"type": "type", "geometry": {"coordinates": [131286, 201], "indices": [125985, 192]}}, {"type": "type", "geometry": {"coordinates": [131487, 201], "indices": [126177, 192]}}, {"type": "type", "geometry": {"coordinates": [131688, 201], "indices": [126369, 192]}}, {"type": "type", "geometry": {"coordinates": [131889, 201], "indices": [126561, 192]}}, {"type": "type", "geometry": {"coordinates": [132090, 201], "indices": [126753, 192]}}, {"type": "type", "geometry": {"coordinates": [132291, 201], "indices": [126945, 192]}}, {"type": "type", "geometry": {"coordinates": [132492, 201], "indices": [127137, 192]}}, {"type": "type", "geometry": {"coordinates": [132693, 201], "indices": [127329, 192]}}, {"type": "type", "geometry": {"coordinates": [132894, 201], "indices": [127521, 192]}}, {"type": "type", "geometry": {"coordinates": [133095, 201], "indices": [127713, 192]}}, {"type": "type", "geometry": {"coordinates": [133296, 201], "indices": [127905, 192]}}, {"type": "type", "geometry": {"coordinates": [133497, 201], "indices": [128097, 192]}}, {"type": "type", "geometry": {"coordinates": [133698, 201], "indices": [128289, 192]}}, {"type": "type", "geometry": {"coordinates": [133899, 213], "indices": [128481, 204]}}, {"type": "type", "geometry": {"coordinates": [134112, 207], "indices": [128685, 198]}}, {"type": "type", "geometry": {"coordinates": [134319, 219], "indices": [128883, 210]}}, {"type": "type", "geometry": {"coordinates": [134538, 225], "indices": [129093, 216]}}, {"type": "type", "geometry": {"coordinates": [134763, 228], "indices": [129309, 219]}}, {"type": "type", "geometry": {"coordinates": [134991, 201], "indices": [129528, 192]}}, {"type": "type", "geometry": {"coordinates": [135192, 201], "indices": [129720, 192]}}, {"type": "type", "geometry": {"coordinates": [135393, 210], "indices": [129912, 201]}}, {"type": "type", "geometry": {"coordinates": [135603, 201], "indices": [130113, 192]}}, {"type": "type", "geometry": {"coordinates": [135804, 210], "indices": [130305, 201]}}, {"type": "type", "geometry": {"coordinates": [136014, 201], "indices": [130506, 192]}}, {"type": "type", "geometry": {"coordinates": [136215, 201], "indices": [130698, 192]}}, {"type": "type", "geometry": {"coordinates": [136416, 264], "indices": [130890, 255]}}, {"type": "type", "geometry": {"coordinates": [136680, 237], "indices": [131145, 228]}}, {"type": "type", "geometry": {"coordinates": [136917, 222], "indices": [131373, 213]}}, {"type": "type", "geometry": {"coordinates": [137139, 219], "indices": [131586, 210]}}, {"type": "type", "geometry": {"coordinates": [137358, 255], "indices": [131796, 246]}}, {"type": "type", "geometry": {"coordinates": [137613, 213], "indices": [132042, 204]}}, {"type": "type", "geometry": {"coordinates": [137826, 210], "indices": [132246, 201]}}, {"type": "type", "geometry": {"coordinates": [138036, 210], "indices": [132447, 201]}}, {"type": "type", "geometry": {"coordinates": [138246, 225], "indices": [132648, 216]}}, {"type": "type", "geometry": {"coordinates": [138471, 201], "indices": [132864, 192]}}, {"type": "type", "geometry": {"coordinates": [138672, 201], "indices": [133056, 192]}}, {"type": "type", "geometry": {"coordinates": [138873, 255], "indices": [133248, 246]}}, {"type": "type", "geometry": {"coordinates": [139128, 216], "indices": [133494, 207]}}, {"type": "type", "geometry": {"coordinates": [139344, 210], "indices": [133701, 201]}}, {"type": "type", "geometry": {"coordinates": [139554, 210], "indices": [133902, 201]}}, {"type": "type", "geometry": {"coordinates": [139764, 201], "indices": [134103, 192]}}, {"type": "type", "geometry": {"coordinates": [139965, 210], "indices": [134295, 201]}}, {"type": "type", "geometry": {"coordinates": [140175, 210], "indices": [134496, 201]}}, {"type": "type", "geometry": {"coordinates": [140385, 210], "indices": [134697, 201]}}, {"type": "type", "geometry": {"coordinates": [140595, 285], "indices": [134898, 276]}}, {"type": "type", "geometry": {"coordinates": [140880, 291], "indices": [135174, 282]}}, {"type": "type", "geometry": {"coordinates": [141171, 246], "indices": [135456, 237]}}, {"type": "type", "geometry": {"coordinates": [141417, 201], "indices": [135693, 192]}}, {"type": "type", "geometry": {"coordinates": [141618, 201], "indices": [135885, 192]}}, {"type": "type", "geometry": {"coordinates": [141819, 201], "indices": [136077, 192]}}, {"type": "type", "geometry": {"coordinates": [142020, 201], "indices": [136269, 192]}}, {"type": "type", "geometry": {"coordinates": [142221, 201], "indices": [136461, 192]}}, {"type": "type", "geometry": {"coordinates": [142422, 201], "indices": [136653, 192]}}, {"type": "type", "geometry": {"coordinates": [142623, 201], "indices": [136845, 192]}}, {"type": "type", "geometry": {"coordinates": [142824, 201], "indices": [137037, 192]}}, {"type": "type", "geometry": {"coordinates": [143025, 201], "indices": [137229, 192]}}, {"type": "type", "geometry": {"coordinates": [143226, 201], "indices": [137421, 192]}}, {"type": "type", "geometry": {"coordinates": [143427, 201], "indices": [137613, 192]}}, {"type": "type", "geometry": {"coordinates": [143628, 201], "indices": [137805, 192]}}, {"type": "type", "geometry": {"coordinates": [143829, 201], "indices": [137997, 192]}}, {"type": "type", "geometry": {"coordinates": [144030, 201], "indices": [138189, 192]}}, {"type": "type", "geometry": {"coordinates": [144231, 264], "indices": [138381, 255]}}, {"type": "type", "geometry": {"coordinates": [144495, 201], "indices": [138636, 192]}}, {"type": "type", "geometry": {"coordinates": [144696, 228], "indices": [138828, 219]}}, {"type": "type", "geometry": {"coordinates": [144924, 201], "indices": [139047, 192]}}, {"type": "type", "geometry": {"coordinates": [145125, 228], "indices": [139239, 219]}}, {"type": "type", "geometry": {"coordinates": [145353, 300], "indices": [139458, 291]}}, {"type": "type", "geometry": {"coordinates": [145653, 207], "indices": [139749, 198]}}, {"type": "type", "geometry": {"coordinates": [145860, 219], "indices": [139947, 210]}}, {"type": "type", "geometry": {"coordinates": [146079, 219], "indices": [140157, 210]}}, {"type": "type", "geometry": {"coordinates": [146298, 228], "indices": [140367, 219]}}, {"type": "type", "geometry": {"coordinates": [146526, 201], "indices": [140586, 192]}}, {"type": "type", "geometry": {"coordinates": [146727, 228], "indices": [140778, 219]}}, {"type": "type", "geometry": {"coordinates": [146955, 219], "indices": [140997, 210]}}, {"type": "type", "geometry": {"coordinates": [147174, 216], "indices": [141207, 207]}}, {"type": "type", "geometry": {"coordinates": [147390, 210], "indices": [141414, 201]}}, {"type": "type", "geometry": {"coordinates": [147600, 219], "indices": [141615, 210]}}, {"type": "type", "geometry": {"coordinates": [147819, 201], "indices": [141825, 192]}}, {"type": "type", "geometry": {"coordinates": [148020, 201], "indices": [142017, 192]}}, {"type": "type", "geometry": {"coordinates": [148221, 219], "indices": [142209, 210]}}, {"type": "type", "geometry": {"coordinates": [148440, 210], "indices": [142419, 201]}}, {"type": "type", "geometry": {"coordinates": [148650, 210], "indices": [142620, 201]}}, {"type": "type", "geometry": {"coordinates": [148860, 201], "indices": [142821, 192]}}, {"type": "type", "geometry": {"coordinates": [149061, 237], "indices": [143013, 228]}}, {"type": "type", "geometry": {"coordinates": [149298, 234], "indices": [143241, 225]}}, {"type": "type", "geometry": {"coordinates": [149532, 291], "indices": [143466, 282]}}, {"type": "type", "geometry": {"coordinates": [149823, 201], "indices": [143748, 192]}}, {"type": "type", "geometry": {"coordinates": [150024, 201], "indices": [143940, 192]}}, {"type": "type", "geometry": {"coordinates": [150225, 219], "indices": [144132, 210]}}, {"type": "type", "geometry": {"coordinates": [150444, 201], "indices": [144342, 192]}}, {"type": "type", "geometry": {"coordinates": [150645, 201], "indices": [144534, 192]}}, {"type": "type", "geometry": {"coordinates": [150846, 207], "indices": [144726, 198]}}, {"type": "type", "geometry": {"coordinates": [151053, 225], "indices": [144924, 216]}}, {"type": "type", "geometry": {"coordinates": [151278, 231], "indices": [145140, 222]}}, {"type": "type", "geometry": {"coordinates": [151509, 210], "indices": [145362, 201]}}, {"type": "type", "geometry": {"coordinates": [151719, 279], "indices": [145563, 270]}}, {"type": "type", "geometry": {"coordinates": [151998, 219], "indices": [145833, 210]}}, {"type": "type", "geometry": {"coordinates": [152217, 219], "indices": [146043, 210]}}, {"type": "type", "geometry": {"coordinates": [152436, 201], "indices": [146253, 192]}}, {"type": "type", "geometry": {"coordinates": [152637, 210], "indices": [146445, 201]}}, {"type": "type", "geometry": {"coordinates": [152847, 210], "indices": [146646, 201]}}, {"type": "type", "geometry": {"coordinates": [153057, 237], "indices": [146847, 228]}}, {"type": "type", "geometry": {"coordinates": [153294, 246], "indices": [147075, 237]}}, {"type": "type", "geometry": {"coordinates": [153540, 228], "indices": [147312, 219]}}, {"type": "type", "geometry": {"coordinates": [153768, 210], "indices": [147531, 201]}}, {"type": "type", "geometry": {"coordinates": [153978, 210], "indices": [147732, 201]}}, {"type": "type", "geometry": {"coordinates": [154188, 255], "indices": [147933, 246]}}, {"type": "type", "geometry": {"coordinates": [154443, 255], "indices": [148179, 246]}}, {"type": "type", "geometry": {"coordinates": [154698, 210], "indices": [148425, 201]}}, {"type": "type", "geometry": {"coordinates": [154908, 201], "indices": [148626, 192]}}, {"type": "type", "geometry": {"coordinates": [155109, 219], "indices": [148818, 210]}}, {"type": "type", "geometry": {"coordinates": [155328, 210], "indices": [149028, 201]}}, {"type": "type", "geometry": {"coordinates": [155538, 246], "indices": [149229, 237]}}, {"type": "type", "geometry": {"coordinates": [155784, 219], "indices": [149466, 210]}}, {"type": "type", "geometry": {"coordinates": [156003, 210], "indices": [149676, 201]}}, {"type": "type", "geometry": {"coordinates": [156213, 210], "indices": [149877, 201]}}, {"type": "type", "geometry": {"coordinates": [156423, 210], "indices": [150078, 201]}}, {"type": "type", "geometry": {"coordinates": [156633, 201], "indices": [150279, 192]}}, {"type": "type", "geometry": {"coordinates": [156834, 201], "indices": [150471, 192]}}, {"type": "type", "geometry": {"coordinates": [157035, 210], "indices": [150663, 201]}}, {"type": "type", "geometry": {"coordinates": [157245, 201], "indices": [150864, 192]}}, {"type": "type", "geometry": {"coordinates": [157446, 201], "indices": [151056, 192]}}, {"type": "type", "geometry": {"coordinates": [157647, 201], "indices": [151248, 192]}}, {"type": "type", "geometry": {"coordinates": [157848, 201], "indices": [151440, 192]}}, {"type": "type", "geometry": {"coordinates": [158049, 201], "indices": [151632, 192]}}, {"type": "type", "geometry": {"coordinates": [158250, 201], "indices": [151824, 192]}}, {"type": "type", "geometry": {"coordinates": [158451, 210], "indices": [152016, 201]}}, {"type": "type", "geometry": {"coordinates": [158661, 219], "indices": [152217, 210]}}, {"type": "type", "geometry": {"coordinates": [158880, 288], "indices": [152427, 279]}}, {"type": "type", "geometry": {"coordinates": [159168, 237], "indices": [152706, 228]}}, {"type": "type", "geometry": {"coordinates": [159405, 219], "indices": [152934, 210]}}, {"type": "type", "geometry": {"coordinates": [159624, 270], "indices": [153144, 261]}}, {"type": "type", "geometry": {"coordinates": [159894, 201], "indices": [153405, 192]}}, {"type": "type", "geometry": {"coordinates": [160095, 246], "indices": [153597, 237]}}, {"type": "type", "geometry": {"coordinates": [160341, 273], "indices": [153834, 264]}}, {"type": "type", "geometry": {"coordinates": [160614, 210], "indices": [154098, 201]}}, {"type": "type", "geometry": {"coordinates": [160824, 243], "indices": [154299, 234]}}, {"type": "type", "geometry": {"coordinates": [161067, 228], "indices": [154533, 219]}}, {"type": "type", "geometry": {"coordinates": [161295, 201], "indices": [154752, 192]}}, {"type": "type", "geometry": {"coordinates": [161496, 201], "indices": [154944, 192]}}, {"type": "type", "geometry": {"coordinates": [161697, 201], "indices": [155136, 192]}}, {"type": "type", "geometry": {"coordinates": [161898, 201], "indices": [155328, 192]}}, {"type": "type", "geometry": {"coordinates": [162099, 201], "indices": [155520, 192]}}, {"type": "type", "geometry": {"coordinates": [162300, 201], "indices": [155712, 192]}}, {"type": "type", "geometry": {"coordinates": [162501, 201], "indices": [155904, 192]}}, {"type": "type", "geometry": {"coordinates": [162702, 201], "indices": [156096, 192]}}, {"type": "type", "geometry": {"coordinates": [162903, 201], "indices": [156288, 192]}}, {"type": "type", "geometry": {"coordinates": [163104, 201], "indices": [156480, 192]}}, {"type": "type", "geometry": {"coordinates": [163305, 201], "indices": [156672, 192]}}, {"type": "type", "geometry": {"coordinates": [163506, 201], "indices": [156864, 192]}}, {"type": "type", "geometry": {"coordinates": [163707, 201], "indices": [157056, 192]}}, {"type": "type", "geometry": {"coordinates": [163908, 201], "indices": [157248, 192]}}, {"type": "type", "geometry": {"coordinates": [164109, 201], "indices": [157440, 192]}}, {"type": "type", "geometry": {"coordinates": [164310, 201], "indices": [157632, 192]}}, {"type": "type", "geometry": {"coordinates": [164511, 201], "indices": [157824, 192]}}, {"type": "type", "geometry": {"coordinates": [164712, 201], "indices": [158016, 192]}}, {"type": "type", "geometry": {"coordinates": [164913, 201], "indices": [158208, 192]}}, {"type": "type", "geometry": {"coordinates": [165114, 201], "indices": [158400, 192]}}, {"type": "type", "geometry": {"coordinates": [165315, 201], "indices": [158592, 192]}}, {"type": "type", "geometry": {"coordinates": [165516, 201], "indices": [158784, 192]}}, {"type": "type", "geometry": {"coordinates": [165717, 201], "indices": [158976, 192]}}, {"type": "type", "geometry": {"coordinates": [165918, 243], "indices": [159168, 234]}}, {"type": "type", "geometry": {"coordinates": [166161, 201], "indices": [159402, 192]}}, {"type": "type", "geometry": {"coordinates": [166362, 207], "indices": [159594, 198]}}, {"type": "type", "geometry": {"coordinates": [166569, 210], "indices": [159792, 201]}}, {"type": "type", "geometry": {"coordinates": [166779, 201], "indices": [159993, 192]}}, {"type": "type", "geometry": {"coordinates": [166980, 201], "indices": [160185, 192]}}, {"type": "type", "geometry": {"coordinates": [167181, 201], "indices": [160377, 192]}}, {"type": "type", "geometry": {"coordinates": [167382, 201], "indices": [160569, 192]}}, {"type": "type", "geometry": {"coordinates": [167583, 210], "indices": [160761, 201]}}, {"type": "type", "geometry": {"coordinates": [167793, 201], "indices": [160962, 192]}}, {"type": "type", "geometry": {"coordinates": [167994, 201], "indices": [161154, 192]}}, {"type": "type", "geometry": {"coordinates": [168195, 201], "indices": [161346, 192]}}, {"type": "type", "geometry": {"coordinates": [168396, 201], "indices": [161538, 192]}}, {"type": "type", "geometry": {"coordinates": [168597, 201], "indices": [161730, 192]}}, {"type": "type", "geometry": {"coordinates": [168798, 201], "indices": [161922, 192]}}, {"type": "type", "geometry": {"coordinates": [168999, 210], "indices": [162114, 201]}}, {"type": "type", "geometry": {"coordinates": [169209, 210], "indices": [162315, 201]}}, {"type": "type", "geometry": {"coordinates": [169419, 201], "indices": [162516, 192]}}, {"type": "type", "geometry": {"coordinates": [169620, 201], "indices": [162708, 192]}}, {"type": "type", "geometry": {"coordinates": [169821, 201], "indices": [162900, 192]}}, {"type": "type", "geometry": {"coordinates": [170022, 201], "indices": [163092, 192]}}, {"type": "type", "geometry": {"coordinates": [170223, 201], "indices": [163284, 192]}}, {"type": "type", "geometry": {"coordinates": [170424, 201], "indices": [163476, 192]}}, {"type": "type", "geometry": {"coordinates": [170625, 201], "indices": [163668, 192]}}, {"type": "type", "geometry": {"coordinates": [170826, 201], "indices": [163860, 192]}}, {"type": "type", "geometry": {"coordinates": [171027, 210], "indices": [164052, 201]}}, {"type": "type", "geometry": {"coordinates": [171237, 210], "indices": [164253, 201]}}, {"type": "type", "geometry": {"coordinates": [171447, 201], "indices": [164454, 192]}}, {"type": "type", "geometry": {"coordinates": [171648, 246], "indices": [164646, 237]}}, {"type": "type", "geometry": {"coordinates": [171894, 237], "indices": [164883, 228]}}, {"type": "type", "geometry": {"coordinates": [172131, 201], "indices": [165111, 192]}}, {"type": "type", "geometry": {"coordinates": [172332, 210], "indices": [165303, 201]}}, {"type": "type", "geometry": {"coordinates": [172542, 201], "indices": [165504, 192]}}, {"type": "type", "geometry": {"coordinates": [172743, 201], "indices": [165696, 192]}}, {"type": "type", "geometry": {"coordinates": [172944, 201], "indices": [165888, 192]}}, {"type": "type", "geometry": {"coordinates": [173145, 216], "indices": [166080, 207]}}, {"type": "type", "geometry": {"coordinates": [173361, 201], "indices": [166287, 192]}}, {"type": "type", "geometry": {"coordinates": [173562, 201], "indices": [166479, 192]}}, {"type": "type", "geometry": {"coordinates": [173763, 201], "indices": [166671, 192]}}, {"type": "type", "geometry": {"coordinates": [173964, 201], "indices": [166863, 192]}}, {"type": "type", "geometry": {"coordinates": [174165, 201], "indices": [167055, 192]}}, {"type": "type", "geometry": {"coordinates": [174366, 201], "indices": [167247, 192]}}, {"type": "type", "geometry": {"coordinates": [174567, 219], "indices": [167439, 210]}}, {"type": "type", "geometry": {"coordinates": [174786, 219], "indices": [167649, 210]}}, {"type": "type", "geometry": {"coordinates": [175005, 207], "indices": [167859, 198]}}, {"type": "type", "geometry": {"coordinates": [175212, 219], "indices": [168057, 210]}}, {"type": "type", "geometry": {"coordinates": [175431, 201], "indices": [168267, 192]}}, {"type": "type", "geometry": {"coordinates": [175632, 207], "indices": [168459, 198]}}, {"type": "type", "geometry": {"coordinates": [175839, 210], "indices": [168657, 201]}}, {"type": "type", "geometry": {"coordinates": [176049, 219], "indices": [168858, 210]}}, {"type": "type", "geometry": {"coordinates": [176268, 210], "indices": [169068, 201]}}, {"type": "type", "geometry": {"coordinates": [176478, 228], "indices": [169269, 219]}}, {"type": "type", "geometry": {"coordinates": [176706, 201], "indices": [169488, 192]}}, {"type": "type", "geometry": {"coordinates": [176907, 201], "indices": [169680, 192]}}, {"type": "type", "geometry": {"coordinates": [177108, 201], "indices": [169872, 192]}}, {"type": "type", "geometry": {"coordinates": [177309, 201], "indices": [170064, 192]}}, {"type": "type", "geometry": {"coordinates": [177510, 201], "indices": [170256, 192]}}, {"type": "type", "geometry": {"coordinates": [177711, 201], "indices": [170448, 192]}}, {"type": "type", "geometry": {"coordinates": [177912, 246], "indices": [170640, 237]}}, {"type": "type", "geometry": {"coordinates": [178158, 216], "indices": [170877, 207]}}, {"type": "type", "geometry": {"coordinates": [178374, 201], "indices": [171084, 192]}}, {"type": "type", "geometry": {"coordinates": [178575, 201], "indices": [171276, 192]}}, {"type": "type", "geometry": {"coordinates": [178776, 201], "indices": [171468, 192]}}, {"type": "type", "geometry": {"coordinates": [178977, 201], "indices": [171660, 192]}}, {"type": "type", "geometry": {"coordinates": [179178, 201], "indices": [171852, 192]}}, {"type": "type", "geometry": {"coordinates": [179379, 201], "indices": [172044, 192]}}, {"type": "type", "geometry": {"coordinates": [179580, 201], "indices": [172236, 192]}}, {"type": "type", "geometry": {"coordinates": [179781, 201], "indices": [172428, 192]}}, {"type": "type", "geometry": {"coordinates": [179982, 201], "indices": [172620, 192]}}, {"type": "type", "geometry": {"coordinates": [180183, 207], "indices": [172812, 198]}}, {"type": "type", "geometry": {"coordinates": [180390, 228], "indices": [173010, 219]}}, {"type": "type", "geometry": {"coordinates": [180618, 213], "indices": [173229, 204]}}, {"type": "type", "geometry": {"coordinates": [180831, 213], "indices": [173433, 204]}}, {"type": "type", "geometry": {"coordinates": [181044, 207], "indices": [173637, 198]}}, {"type": "type", "geometry": {"coordinates": [181251, 201], "indices": [173835, 192]}}, {"type": "type", "geometry": {"coordinates": [181452, 201], "indices": [174027, 192]}}, {"type": "type", "geometry": {"coordinates": [181653, 201], "indices": [174219, 192]}}, {"type": "type", "geometry": {"coordinates": [181854, 201], "indices": [174411, 192]}}, {"type": "type", "geometry": {"coordinates": [182055, 201], "indices": [174603, 192]}}, {"type": "type", "geometry": {"coordinates": [182256, 228], "indices": [174795, 219]}}, {"type": "type", "geometry": {"coordinates": [182484, 219], "indices": [175014, 210]}}, {"type": "type", "geometry": {"coordinates": [182703, 219], "indices": [175224, 210]}}, {"type": "type", "geometry": {"coordinates": [182922, 219], "indices": [175434, 210]}}, {"type": "type", "geometry": {"coordinates": [183141, 216], "indices": [175644, 207]}}, {"type": "type", "geometry": {"coordinates": [183357, 213], "indices": [175851, 204]}}, {"type": "type", "geometry": {"coordinates": [183570, 207], "indices": [176055, 198]}}, {"type": "type", "geometry": {"coordinates": [183777, 210], "indices": [176253, 201]}}, {"type": "type", "geometry": {"coordinates": [183987, 207], "indices": [176454, 198]}}, {"type": "type", "geometry": {"coordinates": [184194, 213], "indices": [176652, 204]}}, {"type": "type", "geometry": {"coordinates": [184407, 207], "indices": [176856, 198]}}, {"type": "type", "geometry": {"coordinates": [184614, 222], "indices": [177054, 213]}}, {"type": "type", "geometry": {"coordinates": [184836, 210], "indices": [177267, 201]}}, {"type": "type", "geometry": {"coordinates": [185046, 219], "indices": [177468, 210]}}, {"type": "type", "geometry": {"coordinates": [185265, 228], "indices": [177678, 219]}}, {"type": "type", "geometry": {"coordinates": [185493, 252], "indices": [177897, 243]}}, {"type": "type", "geometry": {"coordinates": [185745, 252], "indices": [178140, 243]}}, {"type": "type", "geometry": {"coordinates": [185997, 210], "indices": [178383, 201]}}, {"type": "type", "geometry": {"coordinates": [186207, 210], "indices": [178584, 201]}}, {"type": "type", "geometry": {"coordinates": [186417, 207], "indices": [178785, 198]}}, {"type": "type", "geometry": {"coordinates": [186624, 216], "indices": [178983, 207]}}, {"type": "type", "geometry": {"coordinates": [186840, 210], "indices": [179190, 201]}}, {"type": "type", "geometry": {"coordinates": [187050, 201], "indices": [179391, 192]}}, {"type": "type", "geometry": {"coordinates": [187251, 228], "indices": [179583, 219]}}]}